Transaction_ID,Amount,Hour,Distance_From_Home,Transaction_Frequency,Is_Fraud
T00001,15895,14,72,7,0
T00002,6365,18,87,11,0
T00003,22062,23,24,3,0
T00004,1785,20,2,12,0
T00005,2533,20,33,12,0
T00006,19869,21,89,17,0
T00007,41534,9,92,16,0
T00008,289,14,62,19,0
T00009,1999,22,64,3,0
T00010,3656,18,7,9,0
T00011,14602,17,4,14,0
T00012,8533,8,90,2,0
T00013,23583,6,44,8,0
T00014,45074,2,78,17,0
T00015,26631,17,4,2,0
T00016,1121,5,54,10,0
T00017,40857,17,90,12,0
T00018,261,9,62,4,0
T00019,32706,15,15,8,0
T00020,40497,22,62,8,0
T00021,24376,15,82,15,0
T00022,9368,23,26,13,0
T00023,40076,14,45,1,0
T00024,49084,6,9,1,0
T00025,2127,7,88,11,0
T00026,22102,16,8,3,0
T00027,12766,4,41,7,0
T00028,8492,7,12,2,0
T00029,23699,22,23,5,0
T00030,30918,11,86,3,0
T00031,5156,2,47,14,0
T00032,27366,0,5,14,0
T00033,25546,8,79,15,0
T00034,22461,9,77,19,0
T00035,48802,6,52,4,0
T00036,18241,4,23,7,0
T00037,1778,10,29,4,0
T00038,16298,18,86,2,0
T00039,43789,12,62,6,0
T00040,29567,11,44,11,0
T00041,18147,22,92,7,0
T00042,23876,0,27,13,0
T00043,9574,6,70,8,0
T00044,5630,8,62,5,0
T00045,32068,18,44,15,0
T00046,8094,21,32,9,0
T00047,46676,19,12,7,0
T00048,44517,2,56,17,0
T00049,49950,16,2,19,1
T00050,47423,21,87,5,0
T00051,38723,0,1,19,0
T00052,46817,1,53,12,0
T00053,38659,5,32,4,0
T00054,33070,23,17,6,0
T00055,2427,4,98,6,0
T00056,23609,10,16,1,0
T00057,27948,5,80,3,0
T00058,49911,3,19,3,0
T00059,30306,18,20,7,0
T00060,18327,8,33,8,0
T00061,5859,6,82,8,0
T00062,37604,10,92,18,0
T00063,47354,9,99,7,0
T00064,46943,15,90,16,0
T00065,42076,19,60,17,0
T00066,2149,0,48,12,0
T00067,21032,4,32,9,0
T00068,7500,2,19,16,0
T00069,1254,19,24,1,0
T00070,12283,19,75,17,0
T00071,32811,3,38,8,0
T00072,48454,15,89,3,0
T00073,2300,17,82,2,0
T00074,2969,2,80,9,0
T00075,28743,0,68,1,0
T00076,25976,15,20,8,0
T00077,46314,2,17,1,0
T00078,4655,18,86,14,0
T00079,14473,5,51,8,0
T00080,19838,1,21,1,0
T00081,39890,0,69,16,0
T00082,45814,3,35,17,0
T00083,40547,16,44,14,0
T00084,36312,5,99,9,0
T00085,33928,23,93,17,0
T00086,401,20,95,3,0
T00087,799,0,63,1,0
T00088,19878,17,25,10,0
T00089,23193,2,46,18,0
T00090,7555,14,86,2,0
T00091,16638,9,2,17,0
T00092,27851,0,9,11,0
T00093,12633,15,39,10,0
T00094,19290,2,50,13,0
T00095,23455,6,57,4,0
T00096,4880,19,65,8,0
T00097,6755,13,16,14,0
T00098,25647,18,87,15,0
T00099,13503,1,66,19,0
T00100,28412,21,58,17,0
T00101,42775,9,70,15,0
T00102,29849,10,60,5,0
T00103,48196,7,53,12,0
T00104,48847,4,68,6,0
T00105,976,19,239,15,1
T00106,15302,22,40,16,0
T00107,29040,17,30,19,0
T00108,21236,23,63,19,0
T00109,28351,22,90,5,0
T00110,32317,20,62,9,0
T00111,34799,20,1,1,0
T00112,46275,21,48,8,0
T00113,49112,0,16,7,0
T00114,29475,4,22,3,0
T00115,19631,15,51,5,0
T00116,7353,13,92,5,0
T00117,44178,16,94,14,0
T00118,13345,19,69,12,0
T00119,44019,15,85,7,0
T00120,26311,0,94,5,0
T00121,26746,9,69,4,0
T00122,2949,19,95,10,0
T00123,23389,18,58,1,0
T00124,42075,4,4,16,0
T00125,38746,1,92,12,0
T00126,6933,2,33,1,0
T00127,5152,18,43,5,0
T00128,38255,2,65,1,0
T00129,46347,9,43,12,0
T00130,20864,12,12,14,0
T00131,12261,18,35,17,0
T00132,28861,7,93,10,0
T00133,9917,1,7,4,0
T00134,17309,20,75,4,0
T00135,33596,20,36,10,0
T00136,38856,8,24,3,0
T00137,48916,2,36,18,0
T00138,5204,6,96,5,0
T00139,44911,16,55,13,0
T00140,43386,2,30,17,0
T00141,45012,19,89,13,0
T00142,798,18,49,4,0
T00143,16879,8,19,12,0
T00144,4460,6,28,14,0
T00145,32407,18,16,5,0
T00146,37359,19,85,4,0
T00147,1267,6,53,10,0
T00148,21789,6,14,5,0
T00149,23814,22,93,11,0
T00150,24494,17,76,9,0
T00151,23725,11,17,6,0
T00152,1642,13,13,8,0
T00153,39181,8,50,2,0
T00154,18024,4,38,19,0
T00155,28395,15,65,17,0
T00156,40362,12,4,4,0
T00157,36009,18,61,12,0
T00158,38169,6,91,10,0
T00159,28278,6,67,13,0
T00160,4848,17,92,8,0
T00161,13216,8,39,1,0
T00162,39398,12,92,17,0
T00163,24060,23,33,6,0
T00164,46296,5,58,12,0
T00165,45840,12,61,15,0
T00166,20659,21,85,11,0
T00167,11103,4,36,3,0
T00168,30454,19,57,18,0
T00169,6290,8,49,14,0
T00170,42456,21,3,16,0
T00171,41530,10,12,10,0
T00172,11075,15,72,6,0
T00173,24059,20,8,4,0
T00174,36587,17,28,5,0
T00175,4935,21,63,17,0
T00176,38188,0,84,13,0
T00177,35647,15,29,13,0
T00178,34449,2,6,18,0
T00179,49507,4,47,2,0
T00180,109,23,30,18,0
T00181,29648,4,33,1,0
T00182,35061,14,49,11,0
T00183,23933,21,59,17,0
T00184,46640,0,98,9,0
T00185,40134,0,21,16,0
T00186,48026,5,92,17,0
T00187,32706,4,3,5,0
T00188,3736,4,74,10,0
T00189,13556,20,78,9,0
T00190,38865,0,51,13,0
T00191,17200,3,62,1,0
T00192,37844,7,32,2,0
T00193,36287,7,39,2,0
T00194,43225,2,50,12,0
T00195,55987,21,5,17,1
T00196,19298,14,23,15,0
T00197,1352,20,14,20,1
T00198,26798,18,38,2,0
T00199,7049,17,98,18,0
T00200,7041,14,91,19,0
T00201,10309,19,38,1,0
T00202,31803,14,30,10,0
T00203,43188,4,29,4,0
T00204,49389,23,17,10,0
T00205,20063,19,88,5,0
T00206,27269,5,53,2,0
T00207,4400,10,43,16,0
T00208,45102,18,23,16,0
T00209,6338,10,16,8,0
T00210,45515,3,56,3,0
T00211,18371,2,27,18,0
T00212,28832,18,19,5,0
T00213,22069,9,61,6,0
T00214,39244,11,90,14,0
T00215,43028,13,90,13,0
T00216,16382,8,26,15,0
T00217,5340,21,56,11,0
T00218,19362,15,61,17,0
T00219,29821,3,1,8,0
T00220,14278,19,79,15,0
T00221,17122,23,86,14,0
T00222,28799,22,78,2,0
T00223,16848,13,59,19,0
T00224,5226,2,23,14,0
T00225,38738,12,18,6,0
T00226,39750,18,15,5,0
T00227,10367,9,39,17,0
T00228,30026,21,90,12,0
T00229,4732,16,13,4,0
T00230,7661,2,18,15,0
T00231,6471,14,86,2,0
T00232,13010,7,40,17,0
T00233,23375,18,42,9,0
T00234,19223,1,59,13,0
T00235,47145,4,33,6,0
T00236,40617,22,4,11,1
T00237,10689,23,55,9,0
T00238,13146,2,31,8,0
T00239,4424,3,24,6,0
T00240,41527,10,4,15,0
T00241,41705,21,94,6,0
T00242,13334,1,79,11,0
T00243,13803,18,45,12,0
T00244,6569,21,68,19,0
T00245,49476,19,12,15,0
T00246,2148,13,64,6,0
T00247,1928,10,223,11,1
T00248,47462,0,6,18,0
T00249,109,4,23,10,0
T00250,2319,1,13,8,0
T00251,34487,0,63,5,0
T00252,43436,16,9,11,0
T00253,27634,23,38,3,0
T00254,28353,16,69,12,0
T00255,43029,13,75,9,0
T00256,19119,2,35,1,0
T00257,5515,21,60,8,0
T00258,41932,4,14,3,0
T00259,21304,4,5,19,0
T00260,76019,13,26,4,1
T00261,17084,12,42,18,0
T00262,43403,7,39,8,0
T00263,28273,18,38,1,0
T00264,21626,14,97,17,0
T00265,34116,14,66,14,0
T00266,36555,7,51,7,0
T00267,2070,5,6,3,0
T00268,31210,18,72,34,1
T00269,22051,19,15,15,0
T00270,5888,0,94,7,0
T00271,1022,3,29,6,0
T00272,32284,0,27,1,0
T00273,38241,3,86,2,0
T00274,32365,4,74,1,0
T00275,46297,5,13,15,0
T00276,6471,12,88,15,0
T00277,36096,7,5,15,0
T00278,18855,11,45,2,0
T00279,48638,18,36,4,0
T00280,33661,10,27,5,0
T00281,5879,10,74,8,0
T00282,10889,5,72,15,0
T00283,49597,13,12,13,0
T00284,7883,17,89,1,0
T00285,26315,10,76,12,0
T00286,37319,15,68,5,0
T00287,38827,9,92,9,0
T00288,20630,13,40,33,1
T00289,3897,10,23,1,0
T00290,11153,4,21,14,0
T00291,47623,21,87,1,0
T00292,34722,21,55,19,0
T00293,2808,14,73,9,0
T00294,39324,20,26,9,0
T00295,40838,19,25,11,0
T00296,8073,1,7,18,0
T00297,8766,1,91,17,0
T00298,6883,10,59,12,0
T00299,13590,21,24,7,0
T00300,5399,5,88,1,0
T00301,37248,10,22,18,0
T00302,38456,16,71,17,0
T00303,46263,8,49,8,0
T00304,20906,0,96,13,0
T00305,42049,22,51,19,0
T00306,28065,16,45,16,0
T00307,28171,18,18,1,0
T00308,38358,14,66,17,0
T00309,26837,5,51,4,0
T00310,12442,6,3,10,0
T00311,34349,18,34,1,0
T00312,47290,22,92,18,0
T00313,19946,7,65,3,0
T00314,47163,22,59,8,0
T00315,31580,14,67,19,0
T00316,24260,14,8,2,0
T00317,8070,23,78,14,0
T00318,19022,15,68,5,0
T00319,21489,22,48,18,0
T00320,6250,9,7,1,0
T00321,2298,20,19,32,1
T00322,36320,18,36,18,0
T00323,8805,0,47,5,0
T00324,22519,10,2,3,0
T00325,37434,22,12,5,0
T00326,33672,5,94,9,0
T00327,7183,2,86,12,0
T00328,30075,16,74,14,0
T00329,48954,16,81,14,0
T00330,12908,7,66,13,0
T00331,34172,6,73,11,0
T00332,41501,12,98,5,0
T00333,16558,5,18,10,0
T00334,38343,8,38,2,0
T00335,40052,4,25,6,0
T00336,12975,22,86,6,0
T00337,29502,7,98,12,0
T00338,46928,20,71,10,0
T00339,11764,20,92,14,0
T00340,20709,21,65,19,0
T00341,21272,3,26,11,0
T00342,24163,3,59,7,0
T00343,31563,2,54,2,0
T00344,23250,23,22,5,0
T00345,23963,0,36,15,0
T00346,48375,18,99,11,0
T00347,12212,12,98,9,0
T00348,33021,1,73,9,0
T00349,35211,16,1,11,0
T00350,18123,9,25,7,0
T00351,24454,2,44,19,0
T00352,20033,5,98,12,0
T00353,26312,11,59,17,0
T00354,35872,16,74,17,0
T00355,20591,15,88,19,0
T00356,5995,20,81,5,0
T00357,2521,15,70,8,0
T00358,15996,17,89,12,0
T00359,12018,8,26,15,0
T00360,28035,9,16,7,0
T00361,41460,22,26,7,0
T00362,44913,14,7,9,0
T00363,11222,15,72,18,0
T00364,41886,22,93,18,0
T00365,36162,19,39,3,0
T00366,37365,9,17,14,0
T00367,9474,23,99,12,0
T00368,31007,12,98,3,0
T00369,29966,7,90,12,0
T00370,41098,14,4,13,0
T00371,27445,0,16,13,0
T00372,13837,11,66,3,0
T00373,645,22,13,13,0
T00374,30069,2,39,14,0
T00375,16471,16,93,12,0
T00376,13084,15,56,12,0
T00377,10716,9,30,7,0
T00378,12776,0,94,17,0
T00379,2150,12,14,18,0
T00380,33013,4,25,16,0
T00381,25380,20,79,9,0
T00382,4594,16,88,4,0
T00383,59070,4,61,5,1
T00384,41998,5,39,14,0
T00385,41070,12,98,7,0
T00386,14999,3,59,8,0
T00387,49088,21,74,11,0
T00388,17420,16,3,6,0
T00389,15976,4,54,15,0
T00390,826,16,9,3,0
T00391,18397,16,61,10,0
T00392,18950,17,82,17,0
T00393,47419,2,32,3,0
T00394,7387,14,89,9,0
T00395,37543,13,98,11,0
T00396,18124,23,67,9,0
T00397,17702,1,76,10,0
T00398,29292,14,40,5,0
T00399,15685,23,79,6,0
T00400,14763,4,48,18,0
T00401,29225,4,60,24,1
T00402,3120,4,77,17,0
T00403,38101,7,45,19,0
T00404,19229,2,56,8,0
T00405,30661,7,91,13,0
T00406,34180,5,88,19,0
T00407,19723,0,59,16,0
T00408,18188,12,45,10,0
T00409,20770,5,60,7,0
T00410,48974,12,58,19,0
T00411,47738,9,10,11,0
T00412,11800,6,31,18,0
T00413,18887,1,78,27,1
T00414,26688,11,39,2,0
T00415,21827,12,46,17,0
T00416,34932,7,95,2,0
T00417,13087,23,35,16,0
T00418,5545,18,30,7,0
T00419,29357,8,96,2,0
T00420,1535,14,94,5,0
T00421,5184,21,68,4,0
T00422,7591,16,12,17,0
T00423,8173,21,65,18,0
T00424,2453,13,64,15,0
T00425,24960,11,36,3,0
T00426,21527,11,7,11,0
T00427,44164,5,79,19,0
T00428,27182,22,26,2,0
T00429,26129,1,29,4,0
T00430,14388,2,13,9,0
T00431,16522,14,29,11,0
T00432,23511,1,47,14,0
T00433,3193,10,27,3,0
T00434,44513,11,56,15,0
T00435,16435,4,59,6,0
T00436,34550,4,3,1,0
T00437,12957,5,15,2,0
T00438,2080,2,64,17,0
T00439,41852,23,12,18,0
T00440,38258,11,80,8,0
T00441,21663,13,89,17,0
T00442,36544,20,8,15,0
T00443,17534,13,50,7,0
T00444,17443,11,53,3,0
T00445,15351,13,15,14,0
T00446,11636,11,84,4,0
T00447,8812,5,48,2,0
T00448,17067,10,64,13,0
T00449,37035,20,18,18,0
T00450,17873,14,95,6,0
T00451,26243,10,45,1,0
T00452,20681,8,8,11,0
T00453,33081,18,88,9,0
T00454,43508,11,46,15,0
T00455,8883,21,86,1,0
T00456,60432,7,32,18,1
T00457,49253,0,33,9,0
T00458,45104,0,77,7,0
T00459,43301,5,90,14,0
T00460,10461,17,15,2,0
T00461,205,22,44,17,0
T00462,6190,2,6,9,0
T00463,39785,8,95,9,0
T00464,25391,7,72,18,0
T00465,3489,19,62,15,0
T00466,24926,6,75,16,0
T00467,999,5,58,3,0
T00468,21388,9,14,11,0
T00469,15413,21,12,12,0
T00470,1660,12,19,14,0
T00471,4880,7,93,19,0
T00472,24463,17,70,18,0
T00473,16182,21,37,9,0
T00474,25758,2,28,10,0
T00475,9046,2,61,15,0
T00476,33220,6,76,17,0
T00477,7105,20,31,5,0
T00478,12903,11,20,18,0
T00479,15382,8,36,2,0
T00480,22115,3,66,15,0
T00481,26117,3,6,7,0
T00482,12301,18,58,12,0
T00483,48464,17,40,15,0
T00484,27590,7,94,10,0
T00485,41999,13,78,2,0
T00486,33242,4,69,6,0
T00487,4748,21,60,15,0
T00488,32881,23,89,2,0
T00489,3914,5,17,2,0
T00490,43106,0,40,12,0
T00491,32519,12,23,15,0
T00492,39298,10,10,3,0
T00493,33497,13,80,10,0
T00494,5824,9,76,9,0
T00495,42340,4,20,8,0
T00496,14094,11,1,11,0
T00497,6216,11,37,17,0
T00498,36436,23,44,15,0
T00499,1842,5,61,18,0
T00500,16101,8,37,1,0
T00501,39130,2,70,5,0
T00502,28504,4,33,17,0
T00503,34097,11,20,18,0
T00504,1339,10,98,18,0
T00505,15498,23,43,18,0
T00506,9210,11,38,13,0
T00507,12695,15,50,10,0
T00508,17375,22,8,18,0
T00509,42424,0,8,6,0
T00510,37480,14,86,15,0
T00511,48420,22,90,11,0
T00512,22573,17,82,17,0
T00513,24189,7,47,8,0
T00514,45012,11,91,8,0
T00515,37308,13,68,1,0
T00516,35940,18,31,16,0
T00517,46833,20,48,29,1
T00518,27084,1,64,6,0
T00519,49826,8,33,9,0
T00520,21692,15,13,9,0
T00521,19714,8,75,4,0
T00522,48608,5,4,6,0
T00523,4214,5,98,18,0
T00524,31216,8,23,19,0
T00525,17872,10,1,7,0
T00526,26300,20,15,1,0
T00527,27823,6,15,19,0
T00528,35743,0,49,17,0
T00529,31110,11,90,11,0
T00530,39878,7,78,10,0
T00531,25637,13,9,3,0
T00532,22712,7,48,2,0
T00533,43561,20,93,12,0
T00534,21736,1,48,5,0
T00535,27698,11,15,11,0
T00536,25619,22,70,14,0
T00537,27087,10,150,11,1
T00538,42074,15,47,15,0
T00539,9006,18,15,4,0
T00540,13176,12,86,19,0
T00541,46981,13,68,16,0
T00542,28311,13,27,15,0
T00543,13567,2,8,16,0
T00544,49357,3,30,18,0
T00545,12389,16,77,4,0
T00546,35005,10,7,12,0
T00547,48813,6,13,7,0
T00548,23586,23,42,10,0
T00549,24711,19,68,7,0
T00550,42468,11,45,10,0
T00551,11230,12,22,9,0
T00552,37484,14,10,10,0
T00553,6395,15,49,5,0
T00554,45205,23,19,4,0
T00555,7327,6,74,18,0
T00556,37878,3,74,1,0
T00557,42522,17,69,15,0
T00558,26260,2,98,1,0
T00559,17114,20,81,16,0
T00560,2952,14,35,7,0
T00561,23811,10,10,9,0
T00562,27313,12,57,2,0
T00563,17827,2,7,18,0
T00564,28582,9,39,9,0
T00565,32596,10,24,14,0
T00566,38567,5,42,7,0
T00567,39632,13,36,8,0
T00568,46920,0,36,3,0
T00569,16556,7,97,6,0
T00570,2572,6,68,13,0
T00571,6804,1,60,5,0
T00572,2575,20,8,6,0
T00573,34603,17,67,12,0
T00574,35296,2,86,6,0
T00575,5349,22,44,2,0
T00576,9786,19,8,12,0
T00577,30237,3,69,13,0
T00578,48704,14,55,16,0
T00579,35533,22,16,12,0
T00580,29428,15,12,8,0
T00581,39991,2,16,13,0
T00582,7546,18,5,8,0
T00583,41423,0,30,6,0
T00584,26442,0,16,12,0
T00585,9815,1,14,4,0
T00586,5882,17,66,9,0
T00587,49592,1,91,9,0
T00588,18980,10,67,4,0
T00589,37274,5,35,11,0
T00590,10482,21,60,5,0
T00591,24919,9,12,15,0
T00592,33428,9,38,18,0
T00593,22032,2,30,10,0
T00594,7729,5,67,16,0
T00595,31850,19,14,9,0
T00596,12786,20,35,2,0
T00597,20709,2,82,14,0
T00598,38775,17,10,2,0
T00599,9084,21,33,4,0
T00600,8386,13,65,14,0
T00601,31155,21,52,3,0
T00602,35398,8,6,13,0
T00603,48344,1,8,2,0
T00604,17447,14,68,13,0
T00605,23663,12,31,14,0
T00606,28279,17,93,6,0
T00607,18368,10,2,19,0
T00608,6530,18,5,19,0
T00609,43013,9,89,2,0
T00610,36718,17,31,15,0
T00611,25132,22,83,9,0
T00612,29894,20,73,14,0
T00613,9174,6,80,16,0
T00614,23391,0,4,4,0
T00615,34506,7,17,5,0
T00616,1482,19,93,4,0
T00617,12511,5,50,5,0
T00618,32471,2,7,14,0
T00619,31274,4,86,5,0
T00620,4581,20,79,10,0
T00621,24122,23,39,5,0
T00622,30884,12,85,18,0
T00623,47696,20,53,18,0
T00624,47176,12,32,4,0
T00625,41524,2,60,11,0
T00626,4898,20,52,4,0
T00627,64544,19,82,8,1
T00628,7494,8,93,6,0
T00629,43504,16,64,17,0
T00630,3291,8,41,1,0
T00631,49823,15,29,1,0
T00632,23661,17,58,8,0
T00633,25464,10,34,8,0
T00634,28702,21,72,17,0
T00635,49330,16,60,13,0
T00636,31286,4,32,12,0
T00637,22714,4,8,13,0
T00638,28858,10,1,13,0
T00639,28182,23,99,17,0
T00640,18152,19,21,8,0
T00641,44957,13,11,15,0
T00642,38198,6,28,19,0
T00643,28238,4,5,8,0
T00644,5539,9,38,15,0
T00645,13379,15,92,17,0
T00646,17730,7,25,9,0
T00647,31282,17,67,17,0
T00648,32225,3,78,9,0
T00649,12604,22,62,18,0
T00650,46957,20,36,12,0
T00651,6078,7,2,13,0
T00652,42776,15,32,2,0
T00653,17005,14,17,8,0
T00654,24053,22,73,8,0
T00655,38814,13,89,18,0
T00656,27513,19,30,12,0
T00657,28035,18,46,17,0
T00658,12358,22,39,17,0
T00659,37743,8,47,18,0
T00660,35064,12,21,8,0
T00661,33169,7,7,12,0
T00662,42819,10,86,11,0
T00663,43641,12,82,2,0
T00664,45368,14,52,18,0
T00665,44738,14,23,12,0
T00666,43385,10,37,1,0
T00667,8806,21,19,7,0
T00668,39119,14,25,5,0
T00669,29906,7,58,16,0
T00670,22756,11,5,3,0
T00671,16932,3,99,10,0
T00672,44622,9,21,14,0
T00673,14666,1,41,16,0
T00674,38000,8,36,10,0
T00675,19133,21,12,17,0
T00676,14044,1,53,11,0
T00677,36851,18,95,6,0
T00678,12187,18,58,4,0
T00679,9696,3,20,10,0
T00680,47739,21,99,5,0
T00681,8009,20,54,8,0
T00682,14637,5,46,4,0
T00683,33948,12,20,17,0
T00684,27866,6,4,14,0
T00685,3686,23,80,4,0
T00686,36827,23,34,18,0
T00687,14326,18,49,14,0
T00688,12793,23,76,6,0
T00689,13528,3,64,19,0
T00690,16144,3,94,17,0
T00691,10820,17,63,17,0
T00692,19294,14,75,13,0
T00693,12548,16,70,4,0
T00694,49911,15,47,15,0
T00695,34601,14,78,11,0
T00696,49098,8,90,16,0
T00697,41896,19,61,10,0
T00698,34965,2,77,11,0
T00699,28372,21,70,17,0
T00700,24670,12,51,19,0
T00701,17933,2,46,19,0
T00702,29352,4,84,17,0
T00703,48301,4,70,4,0
T00704,29409,6,39,18,0
T00705,29412,23,57,4,0
T00706,42921,8,54,14,0
T00707,47007,11,60,4,0
T00708,23352,23,30,7,0
T00709,262,22,92,14,0
T00710,17115,9,80,16,0
T00711,34882,9,89,13,0
T00712,49833,11,73,13,0
T00713,5447,23,84,18,0
T00714,18781,10,57,4,0
T00715,17173,0,91,7,0
T00716,31458,14,82,11,0
T00717,1271,23,15,16,0
T00718,39210,20,42,12,0
T00719,36827,13,57,5,0
T00720,18845,20,82,5,0
T00721,34621,4,88,17,0
T00722,18422,18,89,12,0
T00723,16476,8,33,18,0
T00724,29400,3,71,1,0
T00725,9979,1,28,11,0
T00726,46860,6,86,17,0
T00727,21108,1,70,14,0
T00728,12585,1,65,10,0
T00729,13240,4,2,16,0
T00730,46236,1,74,2,0
T00731,11507,15,51,7,0
T00732,27833,11,88,15,0
T00733,24587,5,60,10,0
T00734,17094,18,63,17,0
T00735,37923,6,21,4,0
T00736,30673,19,86,15,0
T00737,6619,7,85,15,0
T00738,18233,19,92,14,0
T00739,49150,8,40,17,0
T00740,29218,1,25,3,0
T00741,43051,11,97,10,0
T00742,42071,2,6,7,0
T00743,48663,22,89,18,0
T00744,38414,18,69,19,0
T00745,29550,23,12,10,0
T00746,49259,23,92,9,0
T00747,10503,4,85,8,0
T00748,6810,8,47,15,0
T00749,22547,13,82,10,0
T00750,7071,19,70,12,0
T00751,14821,6,80,3,0
T00752,11216,2,27,18,0
T00753,1998,7,33,1,0
T00754,23651,7,32,16,0
T00755,20174,4,4,6,0
T00756,6006,8,12,11,0
T00757,15249,22,16,1,0
T00758,25250,12,21,13,0
T00759,1383,5,95,5,0
T00760,9852,2,97,4,0
T00761,36732,19,34,5,0
T00762,33094,8,50,6,0
T00763,72697,11,11,2,1
T00764,46543,11,73,2,0
T00765,46137,2,76,16,0
T00766,36216,23,90,1,0
T00767,25656,2,52,2,0
T00768,45196,18,47,18,0
T00769,5533,10,170,16,1
T00770,41955,21,17,5,0
T00771,18158,14,91,3,0
T00772,12676,19,16,2,0
T00773,1189,2,40,15,0
T00774,2058,5,73,1,0
T00775,21547,22,87,3,0
T00776,33309,14,38,15,0
T00777,37496,2,57,14,0
T00778,70134,13,76,17,1
T00779,33260,2,77,15,0
T00780,10549,18,97,6,0
T00781,7518,22,59,2,0
T00782,15323,13,38,14,0
T00783,2759,20,72,3,0
T00784,46838,13,84,24,1
T00785,8572,7,88,14,0
T00786,4349,5,87,16,0
T00787,4188,18,51,3,0
T00788,42509,18,73,13,0
T00789,48554,13,63,9,0
T00790,11102,22,19,15,0
T00791,4593,23,38,4,0
T00792,31755,16,30,9,0
T00793,6916,23,52,14,0
T00794,29592,2,59,14,0
T00795,32908,3,68,8,0
T00796,14949,8,86,9,0
T00797,5474,22,16,17,0
T00798,9985,11,35,11,0
T00799,29265,17,85,5,0
T00800,13715,19,67,12,0
T00801,16388,20,73,9,0
T00802,46503,2,81,2,0
T00803,49979,0,8,13,0
T00804,33210,14,40,12,0
T00805,6681,11,46,15,0
T00806,49778,8,19,8,0
T00807,14968,18,38,19,0
T00808,28903,22,71,4,0
T00809,22009,11,45,3,0
T00810,11193,11,66,2,0
T00811,11290,8,1,8,0
T00812,42170,5,6,18,0
T00813,26612,11,6,8,0
T00814,46646,9,65,13,0
T00815,2900,2,40,14,0
T00816,5510,15,84,17,0
T00817,6896,5,49,14,0
T00818,17643,10,20,1,0
T00819,37565,6,85,17,0
T00820,17187,9,54,9,0
T00821,5563,4,49,9,0
T00822,33723,20,51,7,0
T00823,49434,8,39,13,0
T00824,22307,10,19,11,0
T00825,17840,13,45,1,0
T00826,44299,11,19,12,0
T00827,45739,7,61,13,0
T00828,77602,15,33,13,1
T00829,33855,4,8,14,0
T00830,13754,12,47,17,0
T00831,22290,19,82,18,0
T00832,4133,3,94,1,0
T00833,25095,17,19,15,0
T00834,10751,7,84,17,0
T00835,36676,11,15,9,0
T00836,5989,8,74,2,0
T00837,34710,10,77,10,0
T00838,9201,17,51,9,0
T00839,40412,6,28,3,0
T00840,19639,5,27,2,0
T00841,34496,5,3,16,0
T00842,28097,7,2,17,0
T00843,28769,11,35,11,0
T00844,34724,22,45,15,0
T00845,31805,4,85,17,0
T00846,9442,22,24,6,0
T00847,34687,20,54,11,0
T00848,35526,12,73,6,0
T00849,36127,11,98,3,0
T00850,18726,11,79,9,0
T00851,3234,22,75,16,0
T00852,47875,21,33,7,0
T00853,36229,23,28,5,0
T00854,16490,3,37,1,0
T00855,27940,14,20,19,0
T00856,48896,9,60,18,0
T00857,2111,2,43,15,0
T00858,46658,10,49,17,0
T00859,8867,4,8,2,0
T00860,12051,19,56,12,0
T00861,48713,0,31,4,0
T00862,5844,12,50,5,0
T00863,7169,23,88,3,0
T00864,4752,3,26,14,0
T00865,47193,10,64,10,0
T00866,11926,17,6,15,0
T00867,2269,4,42,5,0
T00868,31878,22,6,4,0
T00869,885,8,29,13,0
T00870,20638,14,17,13,0
T00871,36675,15,22,4,0
T00872,27816,4,49,13,0
T00873,11013,12,86,19,0
T00874,46733,1,32,13,0
T00875,4957,16,85,14,0
T00876,16866,11,21,12,0
T00877,238,6,68,19,0
T00878,19940,23,99,13,0
T00879,26862,3,51,17,0
T00880,19654,17,86,19,0
T00881,12552,6,85,8,0
T00882,1407,4,17,5,0
T00883,43271,21,19,2,0
T00884,24942,21,45,15,0
T00885,19695,21,21,11,0
T00886,26186,4,81,9,0
T00887,657,11,209,17,1
T00888,982,18,26,16,0
T00889,38735,19,96,6,0
T00890,7266,22,75,33,1
T00891,13627,22,15,11,0
T00892,13091,18,81,19,0
T00893,48177,17,92,19,0
T00894,22290,14,4,7,0
T00895,33232,2,48,9,0
T00896,34731,19,45,17,0
T00897,2484,16,97,8,0
T00898,14582,5,67,5,0
T00899,46192,14,61,16,0
T00900,34005,21,93,11,0
T00901,36774,21,10,10,0
T00902,27043,20,80,12,0
T00903,39205,8,24,3,0
T00904,49947,14,35,19,0
T00905,10603,16,71,7,0
T00906,12966,0,36,5,0
T00907,20720,7,8,5,0
T00908,7395,8,1,4,0
T00909,29318,1,63,8,0
T00910,28282,8,34,14,0
T00911,48611,3,30,6,0
T00912,1198,2,72,3,0
T00913,41969,12,45,2,0
T00914,2192,18,16,2,0
T00915,15371,16,34,10,0
T00916,40691,5,60,2,0
T00917,45605,12,56,15,0
T00918,30722,1,39,3,0
T00919,3051,22,78,7,0
T00920,28554,0,17,9,0
T00921,22273,20,13,19,0
T00922,46232,18,57,17,0
T00923,16666,22,32,10,0
T00924,15469,3,72,18,0
T00925,15473,17,28,14,0
T00926,42071,20,24,15,0
T00927,46201,3,77,8,0
T00928,5685,11,31,14,0
T00929,15749,17,98,11,0
T00930,7116,11,49,15,0
T00931,46620,16,93,18,0
T00932,3267,21,38,17,0
T00933,28090,23,50,8,0
T00934,22540,5,69,12,0
T00935,5376,10,65,11,0
T00936,32502,8,27,27,1
T00937,37391,3,82,15,0
T00938,25494,12,83,17,0
T00939,41257,15,56,12,0
T00940,44552,16,58,1,0
T00941,44959,23,55,10,0
T00942,6418,22,85,11,0
T00943,15472,4,33,12,0
T00944,33390,16,68,15,0
T00945,9921,8,21,19,0
T00946,5942,11,37,10,0
T00947,46068,4,48,7,0
T00948,19071,8,99,15,0
T00949,1619,17,78,3,0
T00950,5455,8,71,9,0
T00951,13424,17,13,21,1
T00952,26754,1,16,9,0
T00953,20908,5,75,1,0
T00954,27847,12,87,13,0
T00955,18256,1,9,8,0
T00956,30599,17,3,6,0
T00957,49231,11,21,8,0
T00958,8647,20,99,13,0
T00959,7580,16,54,10,0
T00960,2200,9,46,13,0
T00961,20232,5,24,2,0
T00962,43065,16,14,10,0
T00963,17158,2,17,12,0
T00964,36121,19,168,11,1
T00965,31228,3,60,6,0
T00966,44964,19,28,16,0
T00967,67546,16,92,12,1
T00968,3966,21,53,10,0
T00969,5918,14,94,9,0
T00970,30216,5,7,1,0
T00971,4125,6,57,12,0
T00972,46707,15,43,4,0
T00973,21036,10,8,1,0
T00974,27706,23,72,13,0
T00975,44345,3,67,9,0
T00976,2304,1,98,13,0
T00977,33970,22,44,4,0
T00978,46781,7,9,5,0
T00979,26523,19,50,11,0
T00980,49529,8,17,12,0
T00981,43469,9,45,19,0
T00982,22894,12,53,8,0
T00983,13479,14,95,11,0
T00984,8782,0,49,15,0
T00985,23191,5,88,15,0
T00986,24834,8,46,18,0
T00987,11133,16,5,9,0
T00988,47662,23,54,1,0
T00989,11285,5,27,2,0
T00990,47218,20,46,5,0
T00991,44705,21,62,18,0
T00992,31533,13,13,3,0
T00993,37953,5,93,8,0
T00994,11791,12,33,17,0
T00995,28499,10,77,18,0
T00996,42606,11,70,9,0
T00997,47475,3,99,16,0
T00998,30627,11,11,5,0
T00999,40054,22,55,6,0
T01000,30973,5,4,12,0
T01001,33750,1,17,11,0
T01002,14222,20,80,2,0
T01003,5466,7,13,10,0
T01004,8299,3,94,1,0
T01005,21642,16,59,18,0
T01006,22457,21,44,9,0
T01007,18952,9,36,5,0
T01008,8255,9,43,10,0
T01009,5067,1,55,8,0
T01010,9235,21,27,3,0
T01011,20431,12,45,10,0
T01012,2887,8,54,2,0
T01013,2276,6,67,3,0
T01014,40646,16,91,14,0
T01015,45840,19,93,18,0
T01016,15517,12,20,10,0
T01017,12702,10,41,9,0
T01018,47080,0,17,2,0
T01019,34640,8,93,4,0
T01020,13096,10,56,19,0
T01021,49912,2,76,19,0
T01022,43510,12,60,7,0
T01023,23954,22,71,8,0
T01024,7912,20,78,4,0
T01025,43898,9,84,15,0
T01026,47957,19,93,8,0
T01027,39564,15,19,16,0
T01028,17098,13,28,14,0
T01029,28252,3,15,3,0
T01030,35336,0,67,15,0
T01031,48507,7,63,4,0
T01032,47168,23,24,10,0
T01033,19559,2,108,17,1
T01034,6714,20,23,13,0
T01035,17064,20,62,9,0
T01036,32352,21,70,5,0
T01037,42733,7,7,7,0
T01038,19640,19,3,19,0
T01039,25017,14,68,12,0
T01040,19593,18,36,15,0
T01041,19724,4,13,18,0
T01042,35617,4,25,16,0
T01043,30206,18,78,16,0
T01044,36318,14,39,16,0
T01045,27227,21,85,8,0
T01046,15188,15,59,10,0
T01047,3373,1,9,17,0
T01048,3651,9,86,17,0
T01049,28583,15,52,15,0
T01050,33020,20,65,19,0
T01051,12167,16,88,2,0
T01052,20683,14,96,7,0
T01053,2014,5,1,24,1
T01054,506,6,57,17,0
T01055,19973,8,93,9,0
T01056,21744,5,6,3,0
T01057,36276,16,185,16,1
T01058,274,12,55,1,0
T01059,12212,2,90,15,0
T01060,19655,3,18,17,0
T01061,5046,10,35,8,0
T01062,4273,0,14,2,0
T01063,37664,22,4,19,0
T01064,5097,0,49,8,0
T01065,10678,20,65,5,0
T01066,39294,15,6,8,0
T01067,45680,15,64,3,0
T01068,35631,15,43,10,0
T01069,3831,3,44,2,0
T01070,19577,18,57,5,0
T01071,43626,13,56,3,0
T01072,11989,15,83,19,0
T01073,46389,19,80,8,0
T01074,7391,0,12,11,0
T01075,26600,11,17,6,0
T01076,19652,4,57,14,0
T01077,23720,21,59,1,0
T01078,30113,17,19,5,0
T01079,26149,14,39,4,0
T01080,39300,12,84,7,0
T01081,16050,22,14,19,0
T01082,24803,21,93,18,0
T01083,15266,9,57,8,0
T01084,38656,9,17,2,0
T01085,17001,4,28,9,0
T01086,2088,17,90,9,0
T01087,14356,16,76,7,0
T01088,40030,2,10,2,0
T01089,32188,2,80,2,0
T01090,5855,23,74,6,0
T01091,4217,10,55,7,0
T01092,28990,14,20,9,0
T01093,46105,19,19,3,0
T01094,27090,1,30,2,0
T01095,48121,2,6,15,0
T01096,1406,9,73,1,0
T01097,29331,5,59,4,0
T01098,18789,3,65,19,0
T01099,42237,9,53,15,0
T01100,48542,21,51,16,0
T01101,48094,23,22,4,0
T01102,18945,12,28,1,0
T01103,37264,3,7,17,0
T01104,182,0,10,4,0
T01105,11436,12,46,10,0
T01106,24451,5,48,6,0
T01107,43764,9,27,18,0
T01108,19974,19,85,15,0
T01109,29415,8,27,19,0
T01110,30043,16,43,9,0
T01111,10509,17,84,13,0
T01112,28427,6,23,15,0
T01113,30231,14,63,1,0
T01114,22620,13,69,11,0
T01115,5139,1,40,18,1
T01116,8352,17,67,1,0
T01117,20910,15,82,16,0
T01118,26349,17,38,19,0
T01119,5383,12,46,3,0
T01120,34861,5,65,14,0
T01121,30571,18,81,9,0
T01122,43616,5,89,7,0
T01123,38356,0,54,5,0
T01124,21228,17,56,2,0
T01125,20125,10,60,6,0
T01126,18525,7,36,18,0
T01127,38606,4,79,18,0
T01128,24517,21,11,13,0
T01129,23399,21,7,11,0
T01130,29593,23,68,15,0
T01131,7396,22,3,14,0
T01132,11273,17,1,6,0
T01133,31881,20,29,5,0
T01134,34900,9,92,18,0
T01135,31274,2,47,19,0
T01136,17286,3,69,1,0
T01137,33063,11,148,10,1
T01138,3706,20,61,13,0
T01139,46490,13,32,5,0
T01140,26247,13,49,10,0
T01141,19338,15,97,17,0
T01142,39840,8,6,19,0
T01143,19078,6,22,9,0
T01144,27353,4,42,17,0
T01145,39087,22,80,3,0
T01146,47617,21,73,15,0
T01147,1800,22,13,14,0
T01148,32215,14,23,13,0
T01149,5620,22,85,2,0
T01150,41705,11,18,1,0
T01151,41780,10,32,10,0
T01152,41558,13,10,15,0
T01153,24790,3,34,9,0
T01154,46413,10,78,7,0
T01155,35162,14,19,15,0
T01156,3553,23,72,11,0
T01157,38496,8,47,1,0
T01158,19489,0,19,3,0
T01159,14765,7,47,10,0
T01160,8740,17,98,19,0
T01161,37104,21,1,2,0
T01162,4288,15,77,16,0
T01163,5652,20,64,7,0
T01164,19171,23,26,17,0
T01165,15910,6,58,17,0
T01166,46282,20,65,17,0
T01167,36513,16,43,3,0
T01168,40242,20,32,16,0
T01169,36761,8,56,1,0
T01170,33372,21,80,9,0
T01171,10838,11,51,9,0
T01172,54052,13,29,19,1
T01173,49910,1,41,13,0
T01174,5094,10,53,14,0
T01175,37505,7,18,19,0
T01176,41253,7,22,6,0
T01177,2863,14,57,8,0
T01178,10631,14,92,17,0
T01179,37648,17,66,13,0
T01180,24665,14,20,10,0
T01181,44864,2,83,3,0
T01182,46873,13,64,8,0
T01183,14494,22,62,4,0
T01184,22110,19,75,11,0
T01185,8126,10,2,17,0
T01186,48108,1,61,15,0
T01187,48636,3,8,9,0
T01188,16733,4,45,7,0
T01189,11677,19,81,3,0
T01190,24355,11,29,7,0
T01191,36031,8,92,6,0
T01192,35840,16,16,3,0
T01193,16035,3,86,10,0
T01194,19375,9,61,13,0
T01195,39278,21,16,8,0
T01196,17099,7,59,2,0
T01197,1729,11,10,12,0
T01198,45550,14,80,17,0
T01199,19045,17,12,19,0
T01200,33725,22,18,17,0
T01201,16867,5,67,6,0
T01202,12326,0,94,13,0
T01203,22595,20,13,4,0
T01204,27626,21,74,7,0
T01205,48664,14,79,4,0
T01206,24131,22,70,5,0
T01207,22967,11,33,8,0
T01208,25444,4,63,6,0
T01209,15328,20,96,3,0
T01210,5810,4,60,14,0
T01211,33557,15,6,14,0
T01212,46878,23,29,7,0
T01213,12491,12,18,30,1
T01214,15723,10,97,6,0
T01215,35603,19,12,11,0
T01216,33824,9,67,13,0
T01217,23486,2,95,15,0
T01218,19312,16,35,11,0
T01219,4694,21,75,16,0
T01220,6744,2,86,6,0
T01221,43569,23,49,4,0
T01222,31026,10,58,3,0
T01223,46387,4,85,10,0
T01224,10876,3,61,19,0
T01225,11022,1,74,11,0
T01226,38263,15,83,11,0
T01227,5841,1,55,5,0
T01228,3362,4,51,12,0
T01229,30357,3,42,6,0
T01230,14332,13,75,11,0
T01231,31008,17,27,18,0
T01232,7131,22,75,12,0
T01233,36584,22,41,9,0
T01234,29977,9,22,19,0
T01235,29604,6,4,1,0
T01236,18162,7,76,18,0
T01237,23570,16,93,14,0
T01238,21233,17,20,18,0
T01239,17619,0,59,11,0
T01240,49458,11,40,6,0
T01241,2790,23,90,13,0
T01242,19504,1,37,17,0
T01243,19273,1,36,11,0
T01244,24619,11,40,11,0
T01245,11513,19,8,8,0
T01246,23613,16,84,16,0
T01247,25617,10,7,16,0
T01248,23696,14,56,16,0
T01249,40250,23,73,3,0
T01250,28950,19,37,10,0
T01251,16948,14,95,8,0
T01252,34098,20,94,14,0
T01253,14815,6,53,12,0
T01254,13332,16,64,10,0
T01255,32193,18,11,2,0
T01256,22549,6,58,2,0
T01257,25438,19,50,6,0
T01258,2875,9,32,15,0
T01259,19639,2,37,8,0
T01260,25259,7,56,8,0
T01261,24785,7,93,10,0
T01262,37002,16,36,13,0
T01263,16451,3,26,4,0
T01264,44354,17,64,6,0
T01265,18914,23,87,2,0
T01266,24026,10,92,14,0
T01267,10435,4,64,6,0
T01268,34157,7,24,3,0
T01269,19667,22,17,1,0
T01270,19802,9,57,10,0
T01271,41285,8,22,13,0
T01272,5308,15,18,19,0
T01273,46091,16,15,10,0
T01274,9586,14,63,7,0
T01275,40560,16,32,9,0
T01276,20619,19,90,18,0
T01277,14131,8,63,12,0
T01278,48655,5,83,7,0
T01279,31580,2,48,18,0
T01280,11251,22,39,4,0
T01281,33054,7,13,13,0
T01282,2132,4,6,19,0
T01283,14000,13,95,4,0
T01284,22623,6,72,13,0
T01285,1795,5,63,6,0
T01286,16536,2,28,3,0
T01287,30032,21,98,16,0
T01288,8697,5,72,8,0
T01289,47388,5,78,3,0
T01290,27629,2,59,12,0
T01291,29972,4,62,9,0
T01292,27010,20,84,7,0
T01293,20962,21,4,13,0
T01294,16016,9,49,13,0
T01295,436,21,36,1,0
T01296,4068,14,77,17,0
T01297,16379,7,91,13,0
T01298,40314,13,72,8,0
T01299,33182,14,59,13,0
T01300,24586,4,28,16,0
T01301,17370,1,82,17,0
T01302,970,12,96,18,0
T01303,34624,13,94,18,0
T01304,35696,10,85,16,0
T01305,13978,16,40,19,0
T01306,6871,14,73,10,0
T01307,36303,20,87,1,0
T01308,1948,19,9,15,0
T01309,19556,11,99,11,0
T01310,13509,15,9,15,0
T01311,17988,12,78,8,0
T01312,18174,11,65,11,0
T01313,36171,9,62,19,0
T01314,28910,6,43,17,0
T01315,43523,20,85,8,0
T01316,28154,23,6,18,0
T01317,45769,4,64,19,0
T01318,5017,7,49,3,0
T01319,13782,10,88,17,0
T01320,27896,18,66,8,0
T01321,34742,6,28,17,0
T01322,9321,18,56,6,0
T01323,1151,1,38,5,0
T01324,32423,21,90,17,0
T01325,12039,12,52,17,0
T01326,36044,3,60,14,0
T01327,6326,2,56,1,0
T01328,2061,17,48,8,0
T01329,10948,11,72,16,0
T01330,39381,3,38,12,0
T01331,44019,23,76,14,0
T01332,11088,1,67,10,0
T01333,9597,19,64,8,0
T01334,44141,18,67,5,0
T01335,21798,15,15,3,0
T01336,12492,20,44,15,0
T01337,6405,22,95,18,0
T01338,39863,11,87,4,0
T01339,20666,15,55,16,0
T01340,49380,21,89,20,1
T01341,4865,2,21,17,0
T01342,727,21,85,1,0
T01343,46039,5,15,14,0
T01344,26001,20,88,5,0
T01345,35540,10,47,4,0
T01346,49342,17,21,3,0
T01347,2873,7,23,34,1
T01348,10477,19,72,11,0
T01349,4768,4,53,5,0
T01350,47259,12,93,5,0
T01351,17068,15,2,1,0
T01352,14111,18,30,11,0
T01353,18495,11,76,7,0
T01354,34493,12,72,9,0
T01355,41674,20,56,15,0
T01356,29445,22,31,12,0
T01357,21131,4,1,1,0
T01358,29532,9,54,10,0
T01359,20984,14,81,25,1
T01360,43718,12,80,8,0
T01361,39713,14,17,17,0
T01362,8948,5,81,16,0
T01363,689,12,6,3,0
T01364,6609,13,72,15,0
T01365,49520,16,31,3,0
T01366,9375,5,69,17,0
T01367,506,1,26,15,0
T01368,44136,19,6,6,0
T01369,2718,17,18,4,0
T01370,39796,13,78,13,0
T01371,14819,11,15,19,0
T01372,24142,14,35,17,0
T01373,71476,19,35,16,1
T01374,10383,7,24,17,0
T01375,47566,17,65,3,0
T01376,37763,3,13,6,0
T01377,48029,13,37,16,0
T01378,29234,14,68,8,0
T01379,46899,15,62,4,0
T01380,37392,12,66,3,0
T01381,28907,23,15,11,0
T01382,14636,6,45,2,0
T01383,36443,11,57,16,0
T01384,19329,9,18,18,0
T01385,38184,20,93,7,0
T01386,40601,1,43,13,1
T01387,19194,4,94,6,0
T01388,1757,13,4,6,0
T01389,41347,9,18,20,1
T01390,6109,8,74,6,0
T01391,2771,23,63,3,0
T01392,3822,10,17,4,0
T01393,21538,3,81,9,0
T01394,42038,4,32,6,0
T01395,28038,21,65,16,0
T01396,19290,10,77,10,0
T01397,13804,11,87,14,0
T01398,49476,17,73,10,0
T01399,16608,14,69,15,0
T01400,35799,22,30,2,0
T01401,32080,23,25,10,0
T01402,817,9,58,9,0
T01403,33916,13,99,16,0
T01404,40773,9,99,11,0
T01405,46702,20,21,13,0
T01406,27626,22,81,2,0
T01407,48047,9,82,11,0
T01408,25459,16,18,3,0
T01409,8478,15,6,12,0
T01410,4686,14,48,10,0
T01411,16559,12,4,7,0
T01412,5977,1,90,15,0
T01413,32866,7,7,15,0
T01414,12305,7,12,13,0
T01415,28302,16,63,17,0
T01416,20955,3,85,8,0
T01417,38824,15,36,15,0
T01418,28847,4,30,16,0
T01419,1194,12,52,5,0
T01420,23424,2,15,4,0
T01421,15890,13,52,19,0
T01422,12848,9,21,5,0
T01423,23962,19,29,6,0
T01424,5026,3,2,16,0
T01425,39976,21,30,13,0
T01426,34678,22,34,13,0
T01427,41889,21,93,4,0
T01428,35449,19,52,15,0
T01429,1031,8,19,6,0
T01430,31401,19,79,9,0
T01431,17795,3,50,18,0
T01432,28264,19,87,11,0
T01433,3848,21,58,4,0
T01434,44431,1,77,10,0
T01435,39660,9,91,7,1
T01436,4775,18,94,3,0
T01437,10780,20,61,19,0
T01438,26306,20,32,2,0
T01439,20766,19,10,2,0
T01440,35231,23,17,16,0
T01441,41075,13,39,11,0
T01442,31931,0,11,4,0
T01443,46589,14,50,12,0
T01444,35522,16,97,11,0
T01445,17855,0,47,10,0
T01446,23338,1,24,4,0
T01447,10870,10,40,18,0
T01448,46350,10,67,12,0
T01449,49446,9,27,17,0
T01450,18713,1,49,16,0
T01451,14309,21,30,6,0
T01452,36735,9,60,10,0
T01453,45963,0,77,9,0
T01454,41613,14,37,16,0
T01455,34128,21,57,18,0
T01456,30078,8,80,2,0
T01457,48387,1,12,8,0
T01458,21167,8,91,2,1
T01459,22291,19,39,2,0
T01460,29092,18,36,2,0
T01461,26370,13,199,15,1
T01462,14959,4,28,7,0
T01463,16763,20,10,14,0
T01464,11185,4,18,14,0
T01465,21253,11,22,6,0
T01466,13831,21,78,16,0
T01467,46535,23,89,1,0
T01468,27664,3,20,18,0
T01469,14729,2,23,13,0
T01470,9715,4,68,8,0
T01471,5681,6,95,14,0
T01472,13097,11,16,17,0
T01473,7248,22,14,7,0
T01474,20113,14,44,17,0
T01475,25356,21,44,2,0
T01476,40808,12,27,8,0
T01477,22494,13,79,11,0
T01478,964,20,31,3,0
T01479,21055,18,54,8,0
T01480,45040,19,35,5,0
T01481,48428,5,25,2,0
T01482,14352,4,91,8,0
T01483,42330,0,84,12,0
T01484,47034,10,84,15,1
T01485,12953,23,75,16,0
T01486,39622,19,46,3,0
T01487,18724,20,1,17,0
T01488,29477,19,70,8,0
T01489,34944,15,51,1,0
T01490,47334,2,69,12,0
T01491,7471,19,20,9,0
T01492,14090,3,19,6,0
T01493,7230,12,43,13,0
T01494,47088,21,92,15,0
T01495,43032,12,86,11,0
T01496,10550,7,108,10,1
T01497,17341,15,26,11,0
T01498,33791,8,20,19,0
T01499,19283,6,51,12,0
T01500,12354,22,78,11,0
T01501,11005,9,27,11,0
T01502,19141,10,19,6,0
T01503,33809,19,42,1,0
T01504,49094,7,72,15,0
T01505,475,6,11,7,0
T01506,44448,3,25,12,0
T01507,7933,5,12,11,0
T01508,11926,20,37,14,0
T01509,33467,15,13,4,0
T01510,9390,16,7,14,0
T01511,14045,10,92,9,0
T01512,40250,12,23,18,0
T01513,42862,10,57,19,1
T01514,7108,3,14,14,0
T01515,36486,16,67,16,0
T01516,18257,19,93,13,0
T01517,14514,13,89,19,0
T01518,14793,9,47,6,0
T01519,11450,9,7,17,0
T01520,28469,16,41,10,0
T01521,17948,6,50,6,0
T01522,22590,19,33,1,0
T01523,5967,20,60,2,0
T01524,1639,16,4,11,0
T01525,8793,3,1,7,0
T01526,45612,2,8,19,0
T01527,47125,19,43,14,0
T01528,48885,15,99,15,0
T01529,16222,3,37,17,0
T01530,37267,13,90,16,0
T01531,15948,3,30,11,0
T01532,6511,3,112,7,1
T01533,39264,0,58,13,0
T01534,6633,5,44,8,0
T01535,12027,21,19,5,0
T01536,12277,4,30,10,0
T01537,64520,9,12,7,1
T01538,33772,21,21,12,0
T01539,42842,0,62,15,0
T01540,45925,19,44,18,0
T01541,18790,6,43,18,0
T01542,26447,5,37,1,0
T01543,32798,10,68,18,0
T01544,27943,16,98,2,0
T01545,19727,5,42,16,0
T01546,22466,13,39,19,0
T01547,42714,16,9,13,0
T01548,6659,4,87,5,0
T01549,22157,20,96,10,0
T01550,12170,14,71,15,0
T01551,5606,18,10,15,0
T01552,8326,5,12,15,0
T01553,36233,12,93,19,0
T01554,19622,7,8,15,0
T01555,22503,18,85,3,0
T01556,17040,7,87,16,0
T01557,38320,2,9,14,0
T01558,17500,6,15,7,0
T01559,19980,21,24,17,0
T01560,14408,11,1,10,0
T01561,9806,15,72,17,0
T01562,36924,17,12,17,0
T01563,26399,13,78,34,1
T01564,3036,22,43,6,0
T01565,14418,4,43,18,0
T01566,27381,18,56,15,0
T01567,31051,19,92,1,0
T01568,7335,13,98,16,0
T01569,41382,7,6,16,0
T01570,38779,15,94,13,0
T01571,3440,4,25,18,0
T01572,19381,1,74,13,0
T01573,32213,14,63,12,0
T01574,49746,12,55,11,0
T01575,21750,2,53,14,0
T01576,29809,21,45,12,0
T01577,10043,8,65,19,0
T01578,43994,21,23,19,0
T01579,42933,11,55,1,0
T01580,3062,19,49,5,0
T01581,14845,2,98,3,0
T01582,17675,15,38,13,0
T01583,16097,22,54,16,0
T01584,23167,15,35,24,1
T01585,2987,11,55,8,0
T01586,28856,8,65,6,0
T01587,4858,18,64,11,0
T01588,49102,22,96,13,0
T01589,590,17,87,15,0
T01590,19780,20,57,7,0
T01591,21498,12,44,18,0
T01592,3259,18,47,8,0
T01593,37398,9,7,18,0
T01594,46611,19,91,6,0
T01595,42430,8,57,8,0
T01596,2259,12,77,17,0
T01597,14778,19,92,17,0
T01598,8319,8,66,18,0
T01599,8588,5,75,6,0
T01600,1001,12,75,14,0
T01601,2981,7,3,3,0
T01602,17732,23,19,18,0
T01603,42324,19,88,13,0
T01604,22599,12,49,11,0
T01605,20037,15,98,19,0
T01606,4918,15,54,19,0
T01607,27564,0,42,19,0
T01608,37444,1,80,12,0
T01609,48075,22,18,2,0
T01610,25020,12,6,6,0
T01611,14275,8,48,11,0
T01612,19082,9,10,18,0
T01613,21535,23,73,15,0
T01614,615,7,9,13,0
T01615,46316,3,81,16,0
T01616,8434,2,52,5,0
T01617,31066,4,20,15,0
T01618,9973,14,2,13,0
T01619,39783,9,74,9,0
T01620,29803,2,63,14,0
T01621,15203,8,94,11,0
T01622,38598,4,42,13,0
T01623,13040,11,37,10,0
T01624,24748,19,71,2,0
T01625,32667,22,40,7,0
T01626,17658,13,90,19,0
T01627,20570,17,20,12,0
T01628,32026,16,2,13,0
T01629,30429,6,92,10,0
T01630,28122,5,67,3,0
T01631,29365,10,84,5,0
T01632,5174,21,59,19,0
T01633,993,14,62,16,0
T01634,20963,23,68,15,0
T01635,1615,22,35,14,0
T01636,5686,5,7,19,0
T01637,27028,15,51,8,0
T01638,36661,15,83,10,0
T01639,42356,12,77,7,0
T01640,31998,9,34,4,0
T01641,17397,22,6,17,0
T01642,15611,10,26,19,0
T01643,7137,1,28,3,0
T01644,13486,5,61,14,0
T01645,23574,15,21,7,0
T01646,40257,7,51,16,0
T01647,32579,21,59,7,0
T01648,15340,12,1,8,0
T01649,17819,21,68,3,0
T01650,49630,2,7,1,0
T01651,563,5,71,12,0
T01652,3258,8,75,10,0
T01653,22488,0,50,4,0
T01654,35080,8,59,17,0
T01655,28486,15,5,16,0
T01656,14659,2,47,3,0
T01657,8407,13,63,16,0
T01658,11616,16,24,18,0
T01659,9365,21,78,18,0
T01660,5554,14,70,15,0
T01661,37525,3,8,15,0
T01662,21281,14,77,9,0
T01663,40901,23,96,17,0
T01664,23408,0,34,15,0
T01665,27057,1,82,7,0
T01666,5696,22,31,6,0
T01667,18545,7,91,2,0
T01668,13768,13,89,3,0
T01669,28232,15,50,17,0
T01670,9230,16,80,2,0
T01671,31975,20,39,2,0
T01672,41921,5,81,7,0
T01673,49212,4,69,16,0
T01674,48022,8,37,8,0
T01675,26412,4,42,2,0
T01676,24526,3,86,2,0
T01677,45312,5,97,18,0
T01678,27050,0,97,1,0
T01679,315,3,4,18,0
T01680,23934,10,59,1,0
T01681,10445,8,55,4,0
T01682,40735,5,62,16,0
T01683,4997,22,88,17,0
T01684,47216,23,18,13,0
T01685,6356,4,43,7,0
T01686,37152,9,81,15,0
T01687,23285,22,54,19,0
T01688,2909,1,58,4,0
T01689,42918,6,18,10,0
T01690,24426,7,70,1,0
T01691,39505,16,52,18,0
T01692,2510,20,90,14,0
T01693,38750,14,76,10,0
T01694,32539,18,70,6,0
T01695,29611,0,54,17,0
T01696,4731,14,71,19,0
T01697,37945,22,60,3,0
T01698,29345,21,75,19,0
T01699,6668,9,98,1,0
T01700,13954,15,18,17,0
T01701,34185,13,87,15,0
T01702,17617,23,22,3,0
T01703,16027,22,19,12,0
T01704,26181,2,1,6,0
T01705,26632,0,51,1,0
T01706,47992,20,16,12,0
T01707,32734,21,40,16,0
T01708,15423,0,74,11,0
T01709,32116,22,7,12,0
T01710,19882,11,79,2,0
T01711,39825,12,68,14,0
T01712,13427,6,96,19,0
T01713,32869,9,50,17,0
T01714,14920,11,70,9,0
T01715,48567,0,54,15,0
T01716,10840,5,83,18,0
T01717,17385,12,97,13,0
T01718,29162,14,44,1,0
T01719,39986,3,55,5,0
T01720,40864,1,55,1,0
T01721,37811,22,38,16,0
T01722,40960,2,79,3,0
T01723,35328,1,97,9,0
T01724,23210,2,58,18,0
T01725,3214,6,1,14,0
T01726,17687,5,10,7,0
T01727,36029,1,30,4,0
T01728,46072,16,97,10,0
T01729,46370,14,42,19,0
T01730,14371,11,56,16,0
T01731,19084,14,62,17,0
T01732,3665,17,58,2,0
T01733,21218,3,71,13,0
T01734,15730,22,60,1,0
T01735,6958,9,25,5,0
T01736,21006,20,38,9,0
T01737,16827,7,97,17,0
T01738,4923,4,57,2,0
T01739,38339,23,9,4,0
T01740,15796,16,50,16,0
T01741,25793,7,58,11,0
T01742,1464,20,18,10,0
T01743,35189,9,84,5,0
T01744,33424,17,17,9,0
T01745,35953,16,29,4,0
T01746,23989,19,47,11,0
T01747,32463,8,77,15,0
T01748,33022,14,92,5,0
T01749,26970,18,90,14,0
T01750,12479,16,82,3,0
T01751,47653,0,42,19,0
T01752,4468,11,33,12,0
T01753,37140,23,63,3,0
T01754,38862,16,55,3,0
T01755,20267,19,7,14,0
T01756,18833,3,16,1,0
T01757,39572,9,80,16,0
T01758,10781,7,29,7,0
T01759,13247,5,16,16,0
T01760,27818,8,78,11,0
T01761,19197,13,71,1,0
T01762,49552,19,63,3,0
T01763,5655,3,26,11,0
T01764,34405,13,30,17,0
T01765,25839,11,33,13,0
T01766,20145,23,98,32,1
T01767,27005,20,28,16,0
T01768,43019,1,73,15,0
T01769,47994,16,48,2,0
T01770,31415,19,59,14,0
T01771,5094,22,12,8,0
T01772,7589,3,78,16,0
T01773,44470,1,44,14,0
T01774,21737,12,64,4,0
T01775,49529,17,12,19,0
T01776,41035,6,96,16,0
T01777,48246,5,84,11,0
T01778,22984,15,7,5,0
T01779,39534,14,64,3,0
T01780,12765,4,23,5,0
T01781,36210,2,93,6,0
T01782,46333,20,72,11,0
T01783,21001,7,88,3,0
T01784,37594,13,14,10,0
T01785,20207,5,34,9,0
T01786,6765,16,17,3,0
T01787,44065,18,1,12,0
T01788,46576,1,85,4,0
T01789,2344,18,2,12,0
T01790,21684,9,98,6,0
T01791,29163,18,11,12,0
T01792,39852,1,8,11,0
T01793,10975,20,10,16,0
T01794,5227,3,93,10,0
T01795,10592,13,54,18,0
T01796,23608,21,21,12,0
T01797,9621,6,20,7,0
T01798,31724,0,26,6,0
T01799,21897,21,61,12,0
T01800,12473,11,74,6,0
T01801,18164,18,38,19,0
T01802,48347,7,21,6,0
T01803,20408,6,88,1,0
T01804,48670,17,56,12,0
T01805,42381,9,52,10,0
T01806,47747,9,26,11,0
T01807,19322,1,57,8,0
T01808,41402,6,33,2,0
T01809,12917,14,33,5,0
T01810,23877,19,35,19,0
T01811,29653,21,18,14,0
T01812,40801,23,72,12,0
T01813,16792,9,87,17,0
T01814,49390,1,58,4,0
T01815,46340,14,13,8,0
T01816,16295,9,19,18,0
T01817,29512,18,58,16,0
T01818,2980,11,24,2,0
T01819,47000,7,18,16,0
T01820,49256,21,13,19,0
T01821,2763,11,2,11,0
T01822,4863,17,77,5,0
T01823,11321,11,2,5,0
T01824,6122,23,76,16,0
T01825,46091,8,32,15,0
T01826,3144,12,5,11,0
T01827,11693,19,77,9,0
T01828,5912,13,50,15,0
T01829,17243,6,40,3,0
T01830,8546,14,85,6,0
T01831,27300,3,11,12,0
T01832,44064,4,23,16,0
T01833,39248,16,91,7,0
T01834,26635,12,23,16,0
T01835,33857,3,80,10,0
T01836,32252,11,12,5,0
T01837,24931,15,97,9,0
T01838,10863,4,54,3,0
T01839,27205,13,98,13,0
T01840,31434,9,58,31,1
T01841,7342,9,38,4,0
T01842,34072,0,71,9,0
T01843,19656,18,74,11,0
T01844,39388,14,38,15,0
T01845,8512,18,54,19,0
T01846,5615,21,4,18,0
T01847,46003,7,36,12,0
T01848,3781,3,67,9,0
T01849,49824,20,18,11,0
T01850,36870,22,98,9,0
T01851,34865,3,93,9,0
T01852,37392,17,79,10,0
T01853,36275,11,69,2,0
T01854,19277,0,39,17,0
T01855,18899,23,35,14,0
T01856,21773,21,39,17,0
T01857,5665,5,23,4,0
T01858,8724,8,68,7,0
T01859,18746,1,49,8,0
T01860,49498,14,31,15,0
T01861,2707,18,43,2,0
T01862,36890,23,49,16,0
T01863,31516,14,77,15,0
T01864,24190,3,80,12,0
T01865,3591,2,86,17,0
T01866,7097,17,49,12,0
T01867,17818,20,56,4,0
T01868,12226,11,31,15,0
T01869,43258,15,37,15,0
T01870,15604,17,37,13,0
T01871,502,12,18,14,0
T01872,27143,3,84,19,0
T01873,33232,11,7,12,0
T01874,49831,1,66,5,0
T01875,4250,9,96,10,0
T01876,30092,12,69,10,0
T01877,13933,5,91,19,0
T01878,24056,7,65,17,0
T01879,44874,13,85,17,0
T01880,49004,16,69,8,0
T01881,30473,10,63,19,0
T01882,36423,17,33,13,0
T01883,14257,23,97,11,0
T01884,20500,3,10,6,0
T01885,26524,0,71,16,0
T01886,30619,13,87,6,0
T01887,33561,4,21,18,0
T01888,14354,5,57,19,0
T01889,1507,0,65,13,0
T01890,17894,9,21,3,0
T01891,29516,7,67,13,0
T01892,33865,12,55,12,0
T01893,30928,1,85,16,0
T01894,22586,5,77,17,0
T01895,16058,8,81,2,0
T01896,10614,18,7,10,0
T01897,30861,19,73,17,0
T01898,37246,14,2,4,0
T01899,46198,16,69,7,0
T01900,22069,20,71,17,0
T01901,5770,3,40,13,0
T01902,38985,4,30,12,0
T01903,47399,23,29,9,0
T01904,41366,23,14,5,0
T01905,21660,18,12,18,0
T01906,8820,23,75,3,0
T01907,21882,16,1,15,0
T01908,28012,14,28,3,0
T01909,36260,20,49,13,0
T01910,6884,9,47,7,0
T01911,3039,21,18,16,0
T01912,56856,17,39,17,1
T01913,33856,17,44,8,0
T01914,27545,1,71,4,0
T01915,15967,5,59,9,0
T01916,43102,8,72,19,0
T01917,35462,17,5,14,0
T01918,9319,6,84,12,0
T01919,18725,10,78,16,0
T01920,33271,5,55,4,0
T01921,24114,23,89,1,0
T01922,22300,11,5,12,0
T01923,27533,5,12,7,0
T01924,47861,1,74,15,0
T01925,29761,11,17,4,0
T01926,10666,8,95,19,0
T01927,40287,22,34,6,0
T01928,48725,5,45,19,0
T01929,8161,1,44,15,0
T01930,17585,5,50,5,0
T01931,8277,2,3,10,0
T01932,11926,2,76,16,0
T01933,46698,12,66,4,0
T01934,40266,23,17,6,0
T01935,49576,9,9,13,0
T01936,43830,20,24,6,0
T01937,3687,23,59,3,0
T01938,23644,4,40,16,0
T01939,41369,2,95,12,0
T01940,45628,7,77,4,0
T01941,25489,13,13,6,0
T01942,38772,3,99,17,0
T01943,35685,12,52,2,0
T01944,13207,10,90,15,0
T01945,8518,11,88,5,0
T01946,14519,6,39,13,0
T01947,10124,20,12,13,0
T01948,5165,0,57,8,0
T01949,3507,12,35,3,0
T01950,25192,10,71,10,0
T01951,36813,19,34,3,0
T01952,12075,10,71,13,0
T01953,38053,5,41,2,0
T01954,78918,15,25,12,1
T01955,48884,12,11,6,0
T01956,40928,22,91,14,0
T01957,19173,21,84,15,0
T01958,10079,16,93,8,0
T01959,28424,16,52,1,0
T01960,20345,17,5,7,0
T01961,2933,5,37,19,0
T01962,44025,9,79,10,1
T01963,16094,15,44,18,0
T01964,24762,0,16,6,0
T01965,33030,1,28,2,0
T01966,27073,12,41,16,0
T01967,30622,4,92,7,0
T01968,19191,23,61,13,0
T01969,33790,6,42,15,0
T01970,33432,5,69,2,0
T01971,36504,14,96,16,0
T01972,450,18,9,19,0
T01973,23690,3,241,11,1
T01974,6340,5,58,11,0
T01975,11332,20,39,6,0
T01976,3217,1,91,4,0
T01977,4142,14,82,1,0
T01978,25122,2,35,7,0
T01979,35812,10,84,3,0
T01980,11042,18,2,18,0
T01981,29263,9,69,9,0
T01982,1311,5,61,10,0
T01983,36053,11,36,17,0
T01984,56608,5,49,3,1
T01985,33837,4,90,13,0
T01986,44477,5,26,8,0
T01987,15720,14,16,1,0
T01988,3827,4,3,15,0
T01989,37826,12,80,11,0
T01990,16632,1,54,6,0
T01991,11453,5,46,11,0
T01992,4651,7,97,7,0
T01993,15267,5,21,8,0
T01994,12758,21,63,8,0
T01995,40093,13,31,18,0
T01996,13660,15,9,15,0
T01997,48833,9,29,16,0
T01998,12167,19,37,7,0
T01999,3915,15,28,16,0
T02000,4873,13,97,9,0
T02001,3420,23,77,19,0
T02002,38926,7,87,5,0
T02003,6797,6,42,4,0
T02004,49534,13,66,9,0
T02005,14296,0,87,10,0
T02006,11789,19,25,3,0
T02007,30825,5,53,2,0
T02008,25501,17,87,2,0
T02009,2351,21,37,7,0
T02010,21115,15,84,1,0
T02011,12324,16,1,13,0
T02012,20033,8,3,14,0
T02013,23450,10,88,12,0
T02014,40957,12,65,10,0
T02015,20102,23,28,4,0
T02016,49203,7,16,17,0
T02017,31062,21,79,16,0
T02018,1394,1,11,1,0
T02019,24498,18,68,11,0
T02020,22440,2,13,10,0
T02021,17582,17,98,7,0
T02022,41356,9,50,7,0
T02023,14750,6,3,12,0
T02024,34964,0,48,15,0
T02025,40037,8,71,4,0
T02026,10837,20,36,13,0
T02027,19743,23,35,16,0
T02028,40833,21,36,16,0
T02029,1949,18,65,5,0
T02030,46819,18,22,11,0
T02031,1232,19,53,4,0
T02032,38663,3,36,18,0
T02033,37877,21,66,4,0
T02034,35299,11,47,7,0
T02035,1408,21,90,17,0
T02036,29983,18,73,14,0
T02037,49352,1,48,14,0
T02038,31729,0,99,7,0
T02039,6173,14,231,2,1
T02040,17238,8,83,5,0
T02041,24307,3,12,7,0
T02042,24945,22,12,3,0
T02043,28136,16,32,10,0
T02044,27918,16,69,13,0
T02045,20204,16,33,4,0
T02046,37063,17,9,18,0
T02047,2609,14,6,10,0
T02048,14770,3,82,18,0
T02049,38428,16,44,7,0
T02050,819,10,14,3,0
T02051,31445,9,64,6,0
T02052,26128,9,82,16,0
T02053,27708,5,77,4,0
T02054,41946,13,97,5,0
T02055,37483,11,98,12,0
T02056,10216,21,192,13,1
T02057,43341,0,67,18,0
T02058,18735,2,90,9,0
T02059,6141,1,62,3,0
T02060,21159,18,13,7,0
T02061,5519,2,55,9,0
T02062,30437,21,41,12,0
T02063,6819,11,47,2,0
T02064,43459,17,77,14,0
T02065,46760,9,44,10,0
T02066,867,23,43,2,0
T02067,15432,6,70,3,0
T02068,37360,2,26,6,0
T02069,17294,16,42,12,0
T02070,34900,3,66,11,0
T02071,39997,17,85,4,0
T02072,33483,19,46,12,0
T02073,40734,17,30,8,0
T02074,9925,14,73,19,0
T02075,15735,7,25,19,0
T02076,21352,10,79,8,0
T02077,10550,22,27,8,0
T02078,41027,18,50,10,0
T02079,43520,6,60,9,0
T02080,40836,18,83,1,0
T02081,8658,15,23,7,0
T02082,28285,11,72,5,0
T02083,43213,20,69,17,0
T02084,38269,4,22,15,0
T02085,31088,0,23,1,0
T02086,1870,17,30,16,0
T02087,44848,6,33,16,0
T02088,43529,1,6,14,0
T02089,14485,5,88,29,1
T02090,34814,8,72,10,0
T02091,34650,5,78,6,0
T02092,44685,11,99,14,1
T02093,9593,18,23,16,0
T02094,29899,17,89,13,0
T02095,45880,8,10,9,0
T02096,178,19,2,13,0
T02097,8517,18,58,2,0
T02098,4998,5,3,10,0
T02099,10971,5,48,17,0
T02100,38390,2,82,7,0
T02101,428,19,76,5,0
T02102,45990,10,94,4,0
T02103,20708,17,12,13,0
T02104,11660,1,37,13,0
T02105,32563,15,24,3,0
T02106,33223,10,58,14,0
T02107,128,2,15,10,0
T02108,2124,10,80,10,0
T02109,13603,18,2,2,0
T02110,2006,7,26,3,0
T02111,12131,15,65,3,0
T02112,15293,17,128,6,1
T02113,7866,20,65,10,0
T02114,20958,5,44,4,0
T02115,44560,16,40,3,0
T02116,16559,6,76,2,0
T02117,18833,21,87,5,0
T02118,49644,20,11,5,0
T02119,41670,16,66,1,0
T02120,36545,13,37,19,0
T02121,39231,10,87,2,0
T02122,36939,8,27,3,0
T02123,33738,4,21,5,0
T02124,35607,12,85,6,0
T02125,17143,17,25,2,0
T02126,42716,5,41,3,0
T02127,11076,0,51,5,0
T02128,16496,18,12,16,0
T02129,33788,18,35,12,0
T02130,28353,4,98,7,0
T02131,42288,14,54,3,0
T02132,16351,20,84,5,0
T02133,3643,7,33,8,0
T02134,35131,17,84,16,0
T02135,46677,19,76,13,0
T02136,8269,6,89,14,0
T02137,14691,23,47,12,0
T02138,49900,7,87,18,0
T02139,14942,17,15,4,0
T02140,28756,4,86,16,0
T02141,28940,9,24,18,0
T02142,5524,17,7,4,0
T02143,36029,4,60,16,0
T02144,27974,17,29,14,0
T02145,29874,16,33,17,0
T02146,48506,10,81,14,0
T02147,4800,19,30,19,0
T02148,7960,6,56,21,1
T02149,2613,22,62,14,0
T02150,8010,7,18,9,0
T02151,9220,21,17,19,0
T02152,43838,5,99,5,0
T02153,27269,19,25,4,0
T02154,20923,20,11,16,0
T02155,23869,16,80,7,0
T02156,42355,2,16,8,0
T02157,43105,11,35,17,0
T02158,12053,10,17,9,0
T02159,15593,23,27,2,0
T02160,34540,20,61,6,0
T02161,12646,19,70,7,0
T02162,13380,22,1,5,0
T02163,34089,12,98,15,0
T02164,10802,12,26,14,0
T02165,31325,21,71,14,0
T02166,24194,23,59,10,0
T02167,42819,16,14,8,0
T02168,44551,15,24,13,0
T02169,38690,21,91,18,0
T02170,27784,8,99,8,0
T02171,9207,21,86,19,0
T02172,37889,20,92,3,0
T02173,46414,10,31,17,0
T02174,44627,6,94,19,0
T02175,16879,14,31,11,0
T02176,42696,4,79,18,0
T02177,20174,11,2,15,0
T02178,29159,21,50,6,0
T02179,32926,18,75,2,0
T02180,8414,7,29,11,0
T02181,11592,17,55,18,0
T02182,20465,21,74,3,0
T02183,9196,2,11,12,0
T02184,44591,2,53,7,0
T02185,46257,23,28,11,0
T02186,394,20,10,11,0
T02187,38198,15,86,12,0
T02188,17658,12,69,4,0
T02189,26667,8,35,5,0
T02190,29432,17,97,8,0
T02191,8534,16,81,11,0
T02192,40130,1,6,14,0
T02193,43174,11,12,13,0
T02194,34725,1,15,17,0
T02195,38467,6,94,14,0
T02196,39439,16,32,14,0
T02197,32169,18,88,6,0
T02198,40318,17,88,5,0
T02199,20443,23,34,8,0
T02200,9266,10,86,1,0
T02201,18805,11,76,11,0
T02202,44107,6,23,2,0
T02203,7737,9,35,10,0
T02204,10718,17,78,18,0
T02205,20287,23,8,10,0
T02206,18649,12,53,8,0
T02207,7742,3,5,1,0
T02208,38292,1,30,8,0
T02209,19658,14,26,5,0
T02210,29509,6,40,7,0
T02211,45230,6,92,14,1
T02212,10392,17,4,10,0
T02213,44243,6,28,5,0
T02214,29606,11,95,15,0
T02215,46157,19,83,16,0
T02216,9163,2,87,7,0
T02217,34592,6,34,10,0
T02218,37366,8,48,19,0
T02219,49461,8,48,13,0
T02220,60828,19,78,12,1
T02221,15862,6,79,16,0
T02222,15998,7,74,4,0
T02223,48214,18,28,15,0
T02224,46897,0,10,19,0
T02225,22401,21,3,5,0
T02226,13877,10,48,2,0
T02227,47919,21,6,11,0
T02228,23390,7,93,2,0
T02229,44498,1,93,1,0
T02230,837,11,55,8,0
T02231,22472,21,60,1,0
T02232,29394,5,19,1,0
T02233,23127,0,40,5,0
T02234,13172,7,57,10,0
T02235,24261,8,87,3,0
T02236,1877,6,79,18,0
T02237,42364,2,62,14,0
T02238,41211,1,46,11,0
T02239,9098,10,35,17,0
T02240,37001,7,165,5,1
T02241,1342,7,34,15,0
T02242,31567,16,33,15,0
T02243,38865,19,80,9,0
T02244,34692,16,93,13,0
T02245,33272,20,69,10,0
T02246,36713,23,13,1,0
T02247,9591,14,46,8,0
T02248,44653,8,67,11,0
T02249,35951,9,25,17,0
T02250,31036,10,62,4,0
T02251,36490,20,90,14,0
T02252,17307,7,1,4,0
T02253,41857,11,35,13,0
T02254,32023,5,87,4,0
T02255,32663,15,7,11,0
T02256,15899,0,58,7,0
T02257,8687,6,55,7,0
T02258,41933,15,90,8,0
T02259,25132,8,98,13,0
T02260,30128,22,36,12,0
T02261,45812,1,13,18,0
T02262,29055,14,95,8,0
T02263,49714,0,20,10,0
T02264,46319,4,73,8,0
T02265,8003,15,14,13,0
T02266,33882,20,31,5,0
T02267,6109,10,54,5,0
T02268,48880,10,89,19,0
T02269,20554,6,38,3,0
T02270,45217,12,39,5,0
T02271,3290,17,86,8,0
T02272,17559,0,81,10,0
T02273,15663,15,27,16,0
T02274,24058,9,64,18,0
T02275,39031,15,17,16,0
T02276,15990,23,8,6,0
T02277,26249,20,93,9,0
T02278,26301,11,60,12,0
T02279,21082,16,79,9,0
T02280,10250,9,48,12,0
T02281,46787,6,18,15,0
T02282,16707,5,43,3,0
T02283,49477,5,54,5,0
T02284,41269,15,8,11,0
T02285,33261,23,76,6,0
T02286,47198,19,5,9,0
T02287,3485,15,54,14,0
T02288,44323,7,20,19,0
T02289,42417,6,37,18,0
T02290,8453,10,33,12,0
T02291,5253,17,71,17,0
T02292,19545,22,46,7,0
T02293,44249,2,38,2,0
T02294,40148,11,30,17,0
T02295,9118,9,99,18,0
T02296,43152,11,91,17,0
T02297,39239,22,32,10,0
T02298,8558,5,70,9,0
T02299,17170,1,17,8,0
T02300,41931,21,76,19,1
T02301,42870,2,82,19,0
T02302,19875,18,47,6,0
T02303,21363,7,18,16,0
T02304,42378,16,81,13,1
T02305,27885,6,55,1,0
T02306,12436,3,21,5,0
T02307,9943,23,55,7,0
T02308,35554,9,81,7,0
T02309,2372,6,24,11,0
T02310,3500,11,35,4,0
T02311,18247,12,23,19,0
T02312,38989,4,39,16,0
T02313,40388,11,34,7,0
T02314,44974,12,31,2,0
T02315,26058,14,57,11,0
T02316,26245,6,68,11,0
T02317,16512,1,16,7,0
T02318,40624,4,81,12,0
T02319,22239,18,71,6,0
T02320,7344,4,66,9,0
T02321,20065,10,88,6,0
T02322,17056,6,83,6,0
T02323,15822,10,66,19,0
T02324,34589,5,57,5,0
T02325,39809,6,73,1,0
T02326,38114,0,6,18,0
T02327,48237,10,97,1,0
T02328,46512,4,84,1,0
T02329,32550,17,78,17,0
T02330,13850,13,93,4,0
T02331,23624,20,17,2,0
T02332,5722,21,5,4,0
T02333,34567,5,21,13,0
T02334,46297,4,89,7,0
T02335,23095,0,14,4,0
T02336,48052,20,46,16,0
T02337,48977,15,84,8,0
T02338,31206,18,97,2,0
T02339,1202,21,74,18,0
T02340,38649,13,91,13,0
T02341,29501,12,27,14,0
T02342,48379,2,63,17,0
T02343,26305,2,48,14,0
T02344,43119,11,93,11,0
T02345,500,7,49,11,0
T02346,36636,1,74,10,0
T02347,27086,5,88,12,0
T02348,10894,22,23,13,0
T02349,41193,0,6,18,0
T02350,38009,8,88,15,0
T02351,23485,7,51,16,0
T02352,43977,5,99,10,0
T02353,19748,13,36,12,0
T02354,20489,10,12,10,0
T02355,35925,6,71,11,0
T02356,38279,19,31,1,0
T02357,11788,23,24,9,0
T02358,26851,22,10,2,0
T02359,36169,14,3,11,0
T02360,11686,23,63,11,0
T02361,14032,19,92,10,0
T02362,46601,14,57,18,0
T02363,11349,6,15,18,0
T02364,12981,19,88,2,0
T02365,22475,19,98,11,0
T02366,7933,6,38,10,0
T02367,15854,0,34,1,0
T02368,35382,1,85,4,0
T02369,31215,21,20,18,0
T02370,34177,0,24,14,0
T02371,19847,4,75,13,0
T02372,17715,23,77,2,0
T02373,30131,5,65,17,0
T02374,47790,18,35,11,0
T02375,34432,4,81,7,0
T02376,43007,10,3,10,0
T02377,3358,9,14,12,0
T02378,23058,9,94,10,0
T02379,34307,18,1,10,0
T02380,36069,16,30,7,0
T02381,33834,19,91,9,0
T02382,15993,1,49,1,0
T02383,23212,19,53,19,0
T02384,17040,3,9,9,0
T02385,34915,21,18,12,0
T02386,17357,10,39,9,0
T02387,8937,18,48,15,0
T02388,27754,15,69,16,0
T02389,21476,18,37,7,0
T02390,23862,21,37,17,0
T02391,29501,21,62,8,0
T02392,42016,0,66,15,0
T02393,32375,17,74,4,0
T02394,28808,3,77,13,0
T02395,1525,23,66,16,0
T02396,19076,18,73,3,0
T02397,47178,9,65,10,0
T02398,12984,8,60,15,0
T02399,16242,2,57,5,0
T02400,14028,21,64,9,0
T02401,27962,6,56,12,0
T02402,44748,5,34,9,0
T02403,7136,16,97,19,0
T02404,19231,5,37,2,0
T02405,37132,13,36,4,0
T02406,47026,7,26,4,0
T02407,7827,20,28,4,0
T02408,45871,15,51,8,0
T02409,47945,9,29,18,0
T02410,38509,9,39,18,0
T02411,23396,6,21,1,0
T02412,26482,3,60,10,0
T02413,15802,8,34,14,0
T02414,40979,0,98,7,0
T02415,64934,9,54,1,1
T02416,13924,4,80,15,0
T02417,48980,22,17,17,0
T02418,28613,12,14,11,0
T02419,44927,9,96,3,0
T02420,35038,16,73,10,0
T02421,14955,20,77,18,0
T02422,35624,5,30,17,0
T02423,28718,19,48,9,0
T02424,7397,4,1,4,0
T02425,39367,21,25,3,0
T02426,31084,21,87,12,0
T02427,901,10,74,6,0
T02428,10069,1,94,2,0
T02429,26243,9,16,12,0
T02430,30820,20,72,16,0
T02431,36245,12,15,12,0
T02432,14955,9,46,5,0
T02433,19669,18,38,11,0
T02434,6872,10,20,18,0
T02435,16284,17,74,2,0
T02436,21757,8,31,10,0
T02437,23386,3,61,6,0
T02438,16305,3,90,15,0
T02439,10195,6,17,19,0
T02440,43616,18,70,11,0
T02441,20531,7,75,7,0
T02442,31485,23,22,19,0
T02443,22786,9,41,4,0
T02444,18554,14,13,2,0
T02445,10021,15,73,13,0
T02446,24070,8,77,2,0
T02447,5022,8,66,6,0
T02448,19651,21,40,5,0
T02449,26828,0,74,4,0
T02450,10182,9,47,11,0
T02451,2417,5,12,13,0
T02452,15348,15,35,2,0
T02453,42414,8,67,18,0
T02454,31058,13,34,17,0
T02455,48537,7,42,18,0
T02456,26113,18,72,8,0
T02457,102,2,86,17,0
T02458,20807,16,14,19,0
T02459,15137,20,76,5,0
T02460,22595,10,20,3,0
T02461,9368,14,75,8,0
T02462,40039,11,40,6,0
T02463,21650,11,48,16,0
T02464,16318,20,52,4,0
T02465,23278,12,73,4,0
T02466,32684,12,48,6,0
T02467,41165,12,39,19,0
T02468,30907,18,77,13,0
T02469,33112,1,10,13,0
T02470,7837,8,97,14,0
T02471,17376,15,84,15,0
T02472,35267,0,17,13,0
T02473,11297,14,16,2,0
T02474,48738,10,8,3,1
T02475,9952,11,84,16,0
T02476,40499,20,49,11,0
T02477,660,18,33,12,0
T02478,22130,17,92,14,0
T02479,49040,14,71,15,0
T02480,4183,9,46,6,0
T02481,17425,23,44,11,0
T02482,22784,19,54,19,0
T02483,27813,21,20,1,0
T02484,32683,13,73,2,0
T02485,48028,22,5,8,0
T02486,33139,21,48,13,0
T02487,15063,14,65,3,0
T02488,21705,21,14,4,0
T02489,42805,14,82,3,0
T02490,41069,16,65,11,0
T02491,34516,4,71,19,0
T02492,47260,23,93,15,0
T02493,1606,14,76,5,0
T02494,42726,8,41,7,0
T02495,11261,1,23,16,0
T02496,6252,12,28,19,0
T02497,8099,19,81,6,0
T02498,24356,17,63,19,0
T02499,752,7,55,13,0
T02500,36658,10,44,14,0
T02501,10535,0,177,4,1
T02502,22358,8,10,4,0
T02503,37111,8,75,12,0
T02504,38479,15,63,12,0
T02505,46584,10,64,9,0
T02506,28897,17,62,3,0
T02507,13763,16,14,1,0
T02508,29052,7,69,5,0
T02509,25292,2,19,9,0
T02510,4825,17,16,1,0
T02511,1509,13,1,16,0
T02512,30002,14,44,16,0
T02513,34112,23,55,15,0
T02514,49078,7,34,2,0
T02515,45368,2,87,17,1
T02516,13375,22,68,14,0
T02517,48674,20,93,1,0
T02518,8615,0,90,17,0
T02519,48330,22,64,15,0
T02520,33887,1,19,13,0
T02521,10939,10,59,15,0
T02522,40332,8,52,1,0
T02523,13762,11,10,5,0
T02524,1889,17,47,6,0
T02525,37706,16,70,8,0
T02526,37167,20,78,12,0
T02527,38362,9,54,15,0
T02528,21634,6,58,9,0
T02529,40301,9,39,5,0
T02530,47834,2,43,15,0
T02531,48267,19,56,12,1
T02532,31655,14,9,7,0
T02533,29645,22,63,13,0
T02534,3339,11,86,19,0
T02535,21021,0,16,17,0
T02536,12956,17,82,7,0
T02537,2901,7,70,7,0
T02538,6138,21,57,13,0
T02539,34668,6,9,13,0
T02540,21277,2,35,1,0
T02541,12738,19,34,3,0
T02542,48323,5,85,1,0
T02543,21686,0,28,2,0
T02544,37155,14,78,19,0
T02545,4577,14,6,9,0
T02546,23496,19,98,6,0
T02547,38197,22,51,9,0
T02548,2115,20,56,6,0
T02549,34481,23,13,11,0
T02550,25775,18,19,19,0
T02551,46459,12,28,14,0
T02552,27099,17,29,17,0
T02553,9895,11,61,4,0
T02554,11772,2,2,17,0
T02555,29481,7,99,18,0
T02556,18201,0,61,16,0
T02557,17354,2,68,9,0
T02558,47880,18,15,25,1
T02559,46293,18,56,15,0
T02560,15421,6,10,6,0
T02561,4993,4,95,7,0
T02562,4482,19,88,2,0
T02563,30812,22,48,13,0
T02564,16779,5,38,9,0
T02565,30663,10,69,17,0
T02566,26967,6,91,15,0
T02567,860,14,13,11,0
T02568,5599,12,90,9,0
T02569,16205,3,46,18,0
T02570,10547,0,93,7,0
T02571,12511,9,73,3,0
T02572,19417,22,14,15,0
T02573,13413,23,78,16,0
T02574,38698,3,24,5,0
T02575,13385,6,63,15,0
T02576,22491,3,29,1,0
T02577,15182,17,86,11,0
T02578,8478,16,36,15,0
T02579,13117,15,21,13,0
T02580,40300,10,75,6,0
T02581,4825,5,77,5,0
T02582,30482,17,78,15,0
T02583,12712,3,32,2,0
T02584,29859,6,42,16,0
T02585,813,17,81,13,0
T02586,33124,0,115,6,1
T02587,43132,12,59,1,0
T02588,34700,16,48,8,0
T02589,532,14,56,1,0
T02590,6511,4,88,6,0
T02591,22204,0,25,1,0
T02592,33539,9,3,17,0
T02593,18166,10,29,18,0
T02594,34843,16,60,14,0
T02595,4615,16,49,12,0
T02596,64698,19,50,3,1
T02597,13966,17,68,17,0
T02598,40213,4,46,10,0
T02599,4612,15,11,6,0
T02600,9083,21,80,2,0
T02601,9380,23,88,9,0
T02602,38191,16,89,15,0
T02603,7873,18,27,10,0
T02604,2208,11,46,9,0
T02605,4432,2,53,14,0
T02606,15800,9,80,7,0
T02607,24423,19,89,11,0
T02608,45267,19,36,17,0
T02609,12880,10,30,3,0
T02610,42956,5,22,11,0
T02611,17363,18,27,5,0
T02612,31633,16,35,4,0
T02613,1459,15,85,4,0
T02614,4342,16,45,1,0
T02615,3599,3,43,5,0
T02616,8180,7,38,9,0
T02617,25134,15,16,2,0
T02618,32939,10,42,13,0
T02619,18332,16,88,3,0
T02620,20225,19,13,19,0
T02621,36970,8,83,13,0
T02622,39577,7,86,18,0
T02623,2720,22,2,18,0
T02624,35157,10,31,1,0
T02625,9777,15,11,1,0
T02626,865,6,31,16,0
T02627,9441,13,47,14,0
T02628,15935,20,80,19,0
T02629,38836,5,49,9,0
T02630,13973,16,95,12,0
T02631,20602,21,69,11,0
T02632,9287,3,3,17,0
T02633,25789,3,55,13,0
T02634,26980,20,83,18,0
T02635,9486,19,67,17,0
T02636,14735,9,64,8,0
T02637,35890,4,68,19,0
T02638,42776,3,79,17,0
T02639,23247,2,74,15,0
T02640,42061,23,23,18,0
T02641,2276,2,64,12,0
T02642,37476,2,67,5,0
T02643,6710,0,61,4,0
T02644,31060,13,91,1,0
T02645,43283,2,87,9,0
T02646,39674,3,21,5,0
T02647,7438,20,26,9,0
T02648,5341,2,38,11,0
T02649,47180,14,60,28,1
T02650,26455,21,19,14,0
T02651,36884,21,78,17,0
T02652,49180,13,44,16,0
T02653,44996,12,12,19,0
T02654,11209,6,33,1,0
T02655,11136,4,70,16,0
T02656,48258,15,46,1,0
T02657,23344,19,10,10,0
T02658,55569,12,3,18,1
T02659,4101,16,28,19,0
T02660,698,12,96,13,0
T02661,43844,1,97,5,0
T02662,23771,2,61,7,0
T02663,49147,21,61,18,0
T02664,18115,23,53,7,0
T02665,15556,4,92,8,0
T02666,4119,3,34,5,0
T02667,39132,4,38,2,0
T02668,21213,0,4,7,0
T02669,31385,0,33,8,0
T02670,17011,20,45,18,0
T02671,19617,19,42,12,0
T02672,37796,9,73,3,0
T02673,36959,18,90,9,0
T02674,790,15,88,18,0
T02675,11185,2,98,1,0
T02676,38741,23,73,13,0
T02677,997,6,21,19,0
T02678,15250,21,75,1,0
T02679,16899,20,39,8,0
T02680,25485,4,9,1,0
T02681,79449,13,20,10,1
T02682,36684,9,93,6,0
T02683,2676,5,68,3,0
T02684,43194,18,82,4,0
T02685,47467,16,95,5,0
T02686,732,0,27,13,0
T02687,19385,23,99,5,0
T02688,27306,0,31,12,0
T02689,43451,7,32,6,0
T02690,35257,1,19,14,0
T02691,33412,9,80,4,0
T02692,6718,10,80,1,0
T02693,47699,18,21,9,0
T02694,49708,16,44,13,0
T02695,24883,17,33,1,0
T02696,4399,5,41,5,0
T02697,8053,16,82,1,0
T02698,14774,21,61,8,0
T02699,486,4,55,8,0
T02700,3509,17,95,1,0
T02701,25845,6,16,16,0
T02702,29266,5,41,7,0
T02703,44054,10,53,16,1
T02704,2697,21,16,16,0
T02705,17140,4,64,13,0
T02706,44971,23,5,12,0
T02707,39180,2,99,1,0
T02708,29148,21,50,12,0
T02709,21068,17,50,7,0
T02710,40894,3,45,17,0
T02711,27803,1,46,3,0
T02712,34545,2,23,7,0
T02713,32449,17,61,10,0
T02714,12147,8,98,5,0
T02715,45923,16,87,4,0
T02716,6804,8,52,2,0
T02717,40923,17,86,11,0
T02718,1968,7,59,1,0
T02719,7732,11,4,13,0
T02720,18626,8,7,5,0
T02721,6312,16,30,9,0
T02722,11625,18,80,2,0
T02723,48115,4,79,13,0
T02724,19843,12,47,14,0
T02725,3371,10,82,4,0
T02726,49405,9,31,1,0
T02727,34152,12,1,8,0
T02728,19686,2,71,4,0
T02729,18694,14,67,7,0
T02730,33717,10,43,17,0
T02731,45641,7,65,10,0
T02732,38719,18,3,4,0
T02733,20722,0,41,11,0
T02734,4822,12,90,16,0
T02735,3335,0,84,13,0
T02736,41732,4,78,14,0
T02737,14539,3,83,15,0
T02738,42649,3,94,19,0
T02739,45378,8,53,13,0
T02740,30513,22,60,14,0
T02741,31641,9,95,27,1
T02742,11642,5,90,2,0
T02743,21968,12,226,18,1
T02744,13535,18,1,8,0
T02745,8195,21,93,2,0
T02746,47755,5,48,11,0
T02747,2868,22,51,11,0
T02748,34079,7,86,4,0
T02749,48683,8,90,2,0
T02750,18867,5,85,19,0
T02751,21119,7,14,16,0
T02752,14223,4,56,19,0
T02753,31253,8,66,12,0
T02754,1312,1,42,1,0
T02755,33287,11,9,4,0
T02756,25954,5,33,10,0
T02757,34208,13,86,18,0
T02758,21673,17,80,15,0
T02759,7955,7,13,11,0
T02760,16671,6,17,18,0
T02761,39299,21,55,19,0
T02762,44572,12,47,1,0
T02763,41856,15,5,3,0
T02764,3674,9,83,5,0
T02765,24234,13,35,13,0
T02766,37101,1,70,8,0
T02767,49479,11,60,15,0
T02768,9355,6,46,19,0
T02769,38073,12,21,1,0
T02770,42464,0,4,10,0
T02771,28606,19,99,6,0
T02772,13865,22,57,12,0
T02773,39994,0,16,5,0
T02774,28172,9,77,15,0
T02775,24495,4,31,18,0
T02776,41103,2,26,7,0
T02777,40918,17,97,5,0
T02778,29854,1,97,7,0
T02779,42318,10,63,18,0
T02780,4933,6,71,10,0
T02781,665,20,99,12,0
T02782,12934,10,61,12,0
T02783,44252,3,25,16,0
T02784,23223,17,95,4,0
T02785,17673,20,63,15,0
T02786,12388,2,86,17,0
T02787,18225,8,62,3,0
T02788,38237,12,35,11,0
T02789,4123,14,77,19,0
T02790,12313,15,18,7,0
T02791,28560,3,41,10,0
T02792,33100,6,15,8,0
T02793,7734,10,37,2,0
T02794,33101,15,55,13,0
T02795,42315,8,95,16,0
T02796,17229,23,44,6,0
T02797,831,11,74,18,0
T02798,14581,3,73,7,0
T02799,15061,7,64,11,0
T02800,41100,7,3,17,0
T02801,13362,13,93,18,0
T02802,18899,19,22,4,0
T02803,26716,19,6,6,0
T02804,3566,16,88,3,0
T02805,2690,12,35,16,0
T02806,9522,10,18,15,0
T02807,30920,15,62,16,0
T02808,29530,2,45,3,0
T02809,19914,5,9,12,0
T02810,22514,20,52,3,0
T02811,40013,0,51,34,1
T02812,2202,22,77,12,0
T02813,49494,23,80,15,0
T02814,48691,10,56,6,0
T02815,18670,2,15,1,0
T02816,33514,0,170,9,1
T02817,45568,22,45,11,0
T02818,27072,19,97,7,0
T02819,23023,21,20,19,0
T02820,32948,3,67,1,0
T02821,48085,20,40,1,0
T02822,38129,3,69,13,0
T02823,25695,23,79,6,0
T02824,33540,22,19,13,0
T02825,43136,5,79,16,0
T02826,18682,15,10,9,0
T02827,4108,16,17,17,0
T02828,34331,11,45,12,0
T02829,16977,9,55,19,0
T02830,9984,1,36,19,0
T02831,4861,14,38,3,0
T02832,30665,15,66,7,0
T02833,49729,10,62,7,0
T02834,13895,23,39,4,0
T02835,42723,11,5,19,0
T02836,18173,4,91,19,0
T02837,5889,2,43,7,0
T02838,7648,16,73,9,0
T02839,2509,12,79,5,0
T02840,35136,2,91,8,0
T02841,27267,19,64,10,0
T02842,7458,2,61,8,0
T02843,17602,8,30,12,0
T02844,7022,1,50,9,0
T02845,4070,15,51,4,0
T02846,9146,17,84,18,0
T02847,30446,16,26,16,0
T02848,12663,12,2,2,0
T02849,29276,13,4,17,0
T02850,20208,3,35,12,0
T02851,46169,22,72,2,0
T02852,44009,21,10,12,0
T02853,11384,9,74,3,0
T02854,20995,19,74,9,0
T02855,22789,4,84,8,0
T02856,40106,5,11,12,0
T02857,10582,9,93,14,0
T02858,16565,23,10,12,0
T02859,30058,16,65,18,0
T02860,49277,14,33,5,0
T02861,14226,2,65,8,0
T02862,20143,21,83,12,0
T02863,15778,12,92,1,0
T02864,42518,5,8,4,0
T02865,49212,21,92,7,0
T02866,36263,19,4,15,0
T02867,19294,20,56,9,0
T02868,21157,6,49,16,0
T02869,49396,19,87,2,0
T02870,3246,1,33,2,0
T02871,38624,22,41,2,0
T02872,36831,14,10,15,0
T02873,47245,22,17,20,1
T02874,5845,3,73,16,0
T02875,28551,15,51,1,0
T02876,12250,5,74,16,0
T02877,37721,21,77,16,0
T02878,49111,5,26,11,0
T02879,47547,2,52,10,0
T02880,16159,0,52,11,0
T02881,13373,11,14,8,0
T02882,23374,3,28,7,0
T02883,22509,18,57,4,0
T02884,2981,20,50,14,0
T02885,35443,21,43,10,0
T02886,8756,13,22,4,0
T02887,28790,1,39,9,0
T02888,48223,18,16,16,0
T02889,40309,22,85,11,0
T02890,46218,8,68,13,0
T02891,27358,3,51,2,0
T02892,25068,11,2,6,0
T02893,13928,4,52,5,0
T02894,30631,8,93,10,0
T02895,21811,9,61,19,0
T02896,29417,16,5,6,0
T02897,13851,14,89,19,0
T02898,22549,3,48,19,0
T02899,27415,2,74,2,0
T02900,43015,5,43,14,0
T02901,45939,20,19,2,0
T02902,27842,16,41,17,0
T02903,17729,6,54,19,0
T02904,49094,0,68,18,0
T02905,37245,7,19,6,0
T02906,1131,0,51,11,0
T02907,49592,23,25,15,0
T02908,28451,10,83,10,0
T02909,29595,11,33,7,0
T02910,8820,9,31,6,0
T02911,5492,17,37,18,0
T02912,30753,16,80,8,0
T02913,15152,23,80,11,0
T02914,21481,2,33,18,0
T02915,17672,12,74,5,0
T02916,26065,16,64,1,0
T02917,16802,1,10,7,0
T02918,8091,15,37,12,0
T02919,25076,15,102,16,1
T02920,2870,14,12,10,0
T02921,13728,21,34,7,0
T02922,33138,0,90,3,0
T02923,6780,9,59,15,0
T02924,28857,5,52,15,0
T02925,45304,6,93,5,0
T02926,38433,3,86,18,0
T02927,17734,16,56,2,0
T02928,19440,21,15,5,0
T02929,21478,4,37,5,0
T02930,32742,2,52,18,0
T02931,44067,15,40,17,0
T02932,49163,6,57,8,0
T02933,17635,20,56,12,0
T02934,47106,11,83,10,0
T02935,18991,19,48,9,0
T02936,7594,19,54,14,0
T02937,14126,6,29,10,0
T02938,23744,8,48,10,0
T02939,1846,23,95,29,1
T02940,2796,12,204,2,1
T02941,5136,23,9,7,0
T02942,22259,18,6,18,0
T02943,15958,10,76,10,0
T02944,7792,11,85,10,0
T02945,18039,17,36,5,0
T02946,136,11,99,8,0
T02947,8165,17,41,13,0
T02948,43147,9,9,15,1
T02949,11368,11,1,12,0
T02950,17145,5,19,16,0
T02951,33282,18,67,10,0
T02952,28126,17,26,13,0
T02953,36765,17,67,3,0
T02954,12988,11,63,7,0
T02955,20028,23,72,9,0
T02956,28113,4,94,19,0
T02957,28184,15,24,12,0
T02958,14279,7,62,6,0
T02959,24049,20,42,18,0
T02960,37664,3,72,11,0
T02961,47732,17,85,11,0
T02962,17299,11,45,16,0
T02963,346,20,33,16,0
T02964,23186,5,72,7,0
T02965,20997,11,53,14,0
T02966,32115,10,73,10,0
T02967,355,16,12,6,0
T02968,19446,10,41,6,0
T02969,25246,23,89,16,0
T02970,691,5,37,4,0
T02971,447,5,41,17,0
T02972,41642,21,51,1,0
T02973,29079,14,82,3,0
T02974,34133,1,42,11,0
T02975,11259,2,39,8,0
T02976,10582,17,77,13,0
T02977,22075,18,87,12,0
T02978,11028,21,44,13,0
T02979,17871,18,7,13,0
T02980,7145,23,19,19,0
T02981,43847,18,9,16,0
T02982,12126,3,40,16,0
T02983,12066,4,53,10,0
T02984,20112,13,29,6,0
T02985,46728,20,18,12,0
T02986,3721,0,68,19,0
T02987,2447,14,35,8,0
T02988,19299,10,80,9,0
T02989,26854,4,84,14,0
T02990,48991,14,70,4,0
T02991,18398,4,77,16,0
T02992,3938,21,11,8,0
T02993,44540,7,32,14,0
T02994,11344,2,91,15,0
T02995,28978,20,45,9,0
T02996,14783,9,61,12,0
T02997,29777,0,46,14,0
T02998,22803,13,65,16,0
T02999,32949,6,79,17,0
T03000,7510,22,13,9,0
T03001,31259,23,15,3,0
T03002,20667,0,16,8,0
T03003,40512,22,45,8,0
T03004,5913,22,14,7,0
T03005,40418,14,80,19,0
T03006,26089,22,97,12,0
T03007,1141,15,12,13,0
T03008,40739,7,59,1,0
T03009,3165,20,47,13,0
T03010,32944,8,24,15,0
T03011,17159,12,91,12,0
T03012,6088,6,72,5,0
T03013,8780,13,76,4,0
T03014,2519,7,81,8,0
T03015,17240,0,34,4,0
T03016,6587,20,33,7,0
T03017,42532,8,3,31,1
T03018,24982,14,95,16,0
T03019,3117,21,93,6,0
T03020,884,20,60,17,0
T03021,41400,18,50,11,0
T03022,3099,6,42,7,0
T03023,49320,11,48,18,0
T03024,13510,19,15,5,0
T03025,45616,18,76,5,0
T03026,17962,9,8,9,0
T03027,14398,3,21,8,0
T03028,46204,6,15,3,0
T03029,44052,10,41,5,0
T03030,31423,13,68,2,0
T03031,10415,0,24,5,0
T03032,3969,23,7,4,0
T03033,31369,15,52,15,0
T03034,35857,22,12,12,0
T03035,3923,14,93,13,0
T03036,8654,16,21,15,0
T03037,44145,9,80,15,0
T03038,37197,3,27,9,0
T03039,151,8,53,11,0
T03040,7310,6,42,4,0
T03041,31016,4,75,9,0
T03042,23359,15,41,4,0
T03043,41573,13,67,18,0
T03044,30968,5,43,18,0
T03045,47823,4,9,18,0
T03046,16054,2,73,4,0
T03047,355,16,17,2,0
T03048,48844,4,15,15,0
T03049,20838,18,28,3,0
T03050,17097,3,88,13,0
T03051,10270,12,75,5,0
T03052,25892,8,17,1,0
T03053,12774,14,26,10,0
T03054,10667,11,89,15,0
T03055,26590,8,56,10,0
T03056,8951,8,47,1,0
T03057,24609,13,72,6,0
T03058,43517,14,46,1,0
T03059,37023,10,92,3,0
T03060,2711,1,96,7,0
T03061,14710,21,22,1,0
T03062,27401,12,35,11,0
T03063,44259,2,83,10,0
T03064,31294,14,11,15,0
T03065,24765,23,77,5,0
T03066,43239,12,73,17,0
T03067,24773,23,37,16,0
T03068,37988,11,21,11,0
T03069,30863,18,58,12,0
T03070,29839,13,98,2,0
T03071,1916,3,64,16,0
T03072,3949,12,66,3,0
T03073,44598,5,101,19,1
T03074,4459,13,10,3,0
T03075,38528,14,87,18,0
T03076,2193,18,28,10,0
T03077,16658,3,55,2,0
T03078,22182,6,55,16,0
T03079,46722,9,19,17,0
T03080,15103,18,87,13,0
T03081,25008,10,11,16,0
T03082,1010,16,54,18,0
T03083,26751,18,4,5,0
T03084,4746,1,97,12,0
T03085,22285,7,97,12,0
T03086,48357,9,86,17,0
T03087,48317,2,71,12,0
T03088,29510,16,92,9,0
T03089,38765,21,57,1,0
T03090,32975,4,77,15,0
T03091,6329,10,40,5,0
T03092,3909,11,60,2,0
T03093,9565,15,99,10,0
T03094,15350,7,33,12,0
T03095,33376,4,89,4,0
T03096,13236,23,21,2,0
T03097,17282,11,97,12,0
T03098,31503,11,51,17,0
T03099,32599,23,24,11,0
T03100,12400,7,74,8,0
T03101,21027,19,72,9,0
T03102,27818,13,28,2,0
T03103,48092,10,8,13,0
T03104,41784,14,92,3,0
T03105,22929,14,2,19,0
T03106,39843,19,36,3,0
T03107,45480,2,47,19,0
T03108,45128,21,81,14,0
T03109,10623,21,74,3,0
T03110,46599,5,63,16,0
T03111,14346,14,94,11,0
T03112,6905,20,1,5,0
T03113,8180,14,85,7,0
T03114,33433,21,12,6,0
T03115,31987,4,73,14,0
T03116,4427,13,44,10,0
T03117,1345,19,26,13,0
T03118,49792,18,47,8,0
T03119,43898,20,35,3,0
T03120,16669,4,16,17,0
T03121,26883,5,96,16,0
T03122,16165,19,82,1,0
T03123,39069,18,44,8,0
T03124,20329,11,50,14,0
T03125,40491,23,20,14,0
T03126,35048,8,40,2,0
T03127,7135,15,45,7,0
T03128,21171,6,27,14,0
T03129,15631,0,33,12,0
T03130,20343,20,36,7,0
T03131,20819,2,39,6,0
T03132,2003,23,87,6,0
T03133,2477,15,75,13,0
T03134,27552,5,88,1,0
T03135,9624,18,76,6,0
T03136,2465,17,64,13,0
T03137,59023,7,30,17,1
T03138,32012,19,13,33,1
T03139,44487,1,18,5,0
T03140,33398,9,18,10,0
T03141,38024,16,86,13,0
T03142,21786,16,9,12,0
T03143,6289,7,37,19,0
T03144,7714,13,94,7,0
T03145,39773,7,46,14,0
T03146,30766,13,85,8,0
T03147,24678,22,18,3,0
T03148,610,12,76,15,0
T03149,1237,4,75,11,0
T03150,21918,14,47,13,0
T03151,35028,12,89,15,1
T03152,10436,14,16,12,0
T03153,18461,23,6,12,0
T03154,25916,14,4,4,0
T03155,11841,1,91,12,0
T03156,47434,19,9,9,0
T03157,9515,13,33,12,0
T03158,8220,1,13,4,0
T03159,22199,17,48,14,0
T03160,11905,7,12,9,0
T03161,46153,17,2,8,0
T03162,10779,13,6,10,0
T03163,28387,7,95,17,0
T03164,34464,11,13,19,0
T03165,43023,15,89,5,0
T03166,34940,15,38,11,0
T03167,8276,22,14,6,0
T03168,39996,22,60,11,0
T03169,40176,3,98,6,0
T03170,63009,17,52,8,1
T03171,47979,7,97,2,0
T03172,35151,14,60,3,0
T03173,35345,21,87,8,0
T03174,9494,21,5,13,0
T03175,32383,19,97,16,0
T03176,27553,22,24,2,0
T03177,25865,4,68,2,0
T03178,38157,21,5,18,0
T03179,7245,22,15,9,0
T03180,42702,20,25,17,0
T03181,46136,8,38,11,0
T03182,22970,16,68,15,0
T03183,2468,21,30,1,0
T03184,5708,11,86,13,0
T03185,9962,7,28,13,0
T03186,21454,8,89,16,0
T03187,18093,10,31,12,0
T03188,19423,13,51,12,0
T03189,3779,17,17,3,0
T03190,4096,18,64,4,0
T03191,23482,15,63,12,0
T03192,47032,12,17,8,0
T03193,32023,4,79,12,0
T03194,47264,16,79,2,0
T03195,49748,19,73,5,0
T03196,32570,0,78,17,0
T03197,22172,18,97,1,0
T03198,37232,13,27,6,0
T03199,46697,0,94,14,0
T03200,31226,9,51,19,0
T03201,40598,22,68,19,0
T03202,830,1,68,6,0
T03203,8403,6,50,19,0
T03204,30572,19,50,16,0
T03205,18777,16,22,13,0
T03206,4717,0,96,8,0
T03207,16120,21,18,2,0
T03208,49423,8,67,4,0
T03209,1149,1,8,10,0
T03210,915,22,54,14,0
T03211,36107,22,15,17,0
T03212,33737,22,62,14,0
T03213,4794,2,39,15,0
T03214,21656,23,64,16,0
T03215,6259,7,70,2,0
T03216,46681,12,47,9,0
T03217,41506,1,81,5,0
T03218,36310,23,71,2,0
T03219,32275,11,23,15,0
T03220,5474,0,13,6,0
T03221,12304,17,99,1,0
T03222,33693,12,5,13,0
T03223,44136,18,21,18,0
T03224,38264,21,10,8,0
T03225,25298,20,89,4,0
T03226,46341,23,70,3,0
T03227,46346,9,23,6,0
T03228,2099,1,24,17,0
T03229,47568,0,70,5,0
T03230,18140,12,60,18,0
T03231,5312,11,47,3,0
T03232,35236,15,88,12,0
T03233,15390,7,55,12,0
T03234,7570,1,94,17,0
T03235,6160,0,38,17,1
T03236,3438,9,59,17,0
T03237,11380,3,5,14,0
T03238,10647,9,46,1,0
T03239,70059,22,48,18,1
T03240,38347,9,69,10,0
T03241,35285,20,24,6,0
T03242,25574,7,95,9,0
T03243,7392,1,66,7,0
T03244,23565,11,34,10,0
T03245,43423,0,68,13,1
T03246,16463,10,42,15,0
T03247,360,16,37,2,0
T03248,48681,17,78,19,0
T03249,4401,7,17,3,0
T03250,49344,9,81,11,0
T03251,8656,20,7,14,0
T03252,2024,23,28,11,0
T03253,18760,19,3,5,0
T03254,10045,14,51,16,0
T03255,4331,12,48,3,0
T03256,6436,8,31,9,0
T03257,34009,16,56,2,0
T03258,45804,23,13,28,1
T03259,36876,12,1,15,0
T03260,13127,19,10,6,0
T03261,44798,23,12,16,0
T03262,18342,13,97,10,0
T03263,49394,6,36,14,0
T03264,49243,15,78,3,0
T03265,28116,20,67,19,0
T03266,47942,11,54,5,0
T03267,49773,8,33,13,0
T03268,49606,18,32,11,0
T03269,42707,5,24,3,0
T03270,14790,3,33,13,0
T03271,21403,3,54,11,0
T03272,35695,10,70,12,0
T03273,830,8,25,10,0
T03274,48486,2,84,16,0
T03275,37670,9,88,11,0
T03276,38411,5,20,11,0
T03277,21443,20,13,3,0
T03278,39570,21,28,14,0
T03279,33026,13,37,14,0
T03280,31804,7,60,15,0
T03281,7903,14,30,19,0
T03282,7357,19,38,19,0
T03283,11902,7,87,15,0
T03284,46110,2,10,15,0
T03285,25651,16,83,11,0
T03286,22291,4,69,14,0
T03287,30379,4,7,16,0
T03288,13256,23,4,4,0
T03289,16019,23,17,15,0
T03290,4009,15,93,4,0
T03291,47753,4,62,16,0
T03292,19565,8,36,14,0
T03293,21607,11,56,10,0
T03294,23906,3,13,14,0
T03295,9570,17,33,16,0
T03296,21426,21,57,5,0
T03297,49577,5,67,16,0
T03298,5167,3,33,4,0
T03299,31870,7,62,2,0
T03300,44527,21,17,7,0
T03301,30414,3,37,6,0
T03302,14019,10,1,10,0
T03303,48407,23,53,11,0
T03304,42011,16,8,13,0
T03305,8830,19,18,16,0
T03306,17512,17,3,17,0
T03307,9897,18,7,18,0
T03308,14065,5,79,15,0
T03309,27026,15,33,11,0
T03310,42942,4,5,6,0
T03311,35813,5,43,4,0
T03312,10907,8,3,16,0
T03313,35086,3,96,1,0
T03314,156,20,16,19,0
T03315,8659,10,90,8,0
T03316,8162,22,1,9,0
T03317,27679,11,22,8,0
T03318,31581,16,42,7,0
T03319,18230,5,85,19,0
T03320,25109,14,66,26,1
T03321,19096,9,96,16,0
T03322,24202,7,42,15,0
T03323,30923,12,76,8,0
T03324,10290,11,43,19,0
T03325,38097,17,63,17,0
T03326,37078,8,39,1,0
T03327,7978,6,7,8,0
T03328,22096,9,71,5,0
T03329,42682,23,86,7,0
T03330,24924,21,4,16,0
T03331,822,9,3,3,0
T03332,10239,16,31,10,0
T03333,28180,21,175,17,1
T03334,47096,3,53,6,0
T03335,42543,21,57,17,0
T03336,46739,12,3,2,0
T03337,115,5,6,13,0
T03338,31976,23,71,2,0
T03339,25570,16,13,16,0
T03340,34717,19,34,5,0
T03341,45599,6,43,11,0
T03342,31540,15,45,5,0
T03343,49079,15,54,16,0
T03344,39123,13,6,2,0
T03345,21523,22,84,13,0
T03346,32460,17,53,14,0
T03347,9495,3,8,8,0
T03348,46329,15,91,10,0
T03349,30204,20,91,17,0
T03350,10628,17,90,4,0
T03351,5156,3,68,4,0
T03352,8812,18,45,4,0
T03353,11688,12,23,16,0
T03354,36473,4,72,16,0
T03355,44577,0,60,6,0
T03356,7374,15,5,16,0
T03357,39274,18,65,9,0
T03358,34229,12,47,3,0
T03359,40187,9,73,13,0
T03360,26515,2,54,15,0
T03361,3636,13,71,16,0
T03362,35426,19,88,15,0
T03363,21904,5,92,5,0
T03364,9098,5,2,11,0
T03365,46474,21,21,30,1
T03366,7240,17,54,16,0
T03367,28625,11,81,5,0
T03368,48081,5,15,7,0
T03369,24085,0,67,5,0
T03370,26498,10,77,16,0
T03371,21346,17,81,17,0
T03372,24096,10,84,10,0
T03373,23680,15,98,17,0
T03374,42585,19,13,12,0
T03375,21138,6,64,13,0
T03376,3375,11,28,2,0
T03377,924,1,87,13,0
T03378,37632,2,75,16,0
T03379,21166,8,78,9,0
T03380,26698,15,67,19,0
T03381,9795,6,92,12,0
T03382,41247,4,87,10,0
T03383,44939,18,47,1,0
T03384,25638,17,248,2,1
T03385,41576,0,42,10,0
T03386,37096,17,85,15,0
T03387,26219,16,31,12,0
T03388,2808,11,90,1,0
T03389,6653,3,40,1,0
T03390,3870,14,1,11,0
T03391,39076,11,16,10,0
T03392,47349,14,81,10,0
T03393,2886,20,80,6,0
T03394,2982,8,43,13,0
T03395,9845,21,60,4,0
T03396,2937,23,40,13,0
T03397,20653,1,40,6,0
T03398,38355,17,81,6,0
T03399,336,22,30,10,0
T03400,35291,10,13,12,0
T03401,33900,3,39,2,0
T03402,12362,8,5,15,0
T03403,7061,3,51,7,0
T03404,26068,12,88,11,0
T03405,3198,0,34,17,0
T03406,38344,5,26,7,0
T03407,44511,20,94,15,0
T03408,17622,15,13,5,0
T03409,15875,2,19,14,0
T03410,36627,21,81,4,0
T03411,12560,7,19,5,0
T03412,17829,14,66,11,0
T03413,28304,22,74,3,0
T03414,1840,9,83,8,0
T03415,22805,2,24,17,0
T03416,6539,9,66,12,0
T03417,30714,5,66,3,0
T03418,17876,6,93,5,0
T03419,31610,0,8,12,0
T03420,30483,9,79,15,0
T03421,4941,20,39,3,0
T03422,46252,9,36,3,0
T03423,32076,23,86,17,0
T03424,22833,9,45,12,0
T03425,48318,0,60,19,0
T03426,49078,5,83,13,0
T03427,49758,21,21,4,0
T03428,3301,14,30,7,0
T03429,13815,17,95,13,0
T03430,16820,3,14,13,0
T03431,37990,17,96,14,0
T03432,20754,2,1,17,0
T03433,41606,13,67,13,0
T03434,36245,13,85,3,0
T03435,7719,3,51,11,0
T03436,16978,0,7,11,0
T03437,31840,13,86,16,0
T03438,32913,11,10,14,0
T03439,30325,21,9,17,0
T03440,16201,7,58,13,0
T03441,22805,4,6,19,0
T03442,43655,6,25,11,0
T03443,47503,13,206,10,1
T03444,26773,15,5,8,0
T03445,1745,4,88,8,0
T03446,1948,5,16,4,0
T03447,9390,2,63,12,0
T03448,30243,4,6,19,0
T03449,34483,22,226,5,1
T03450,43362,2,72,6,0
T03451,11687,11,44,16,0
T03452,3874,9,64,14,0
T03453,4706,12,71,12,0
T03454,46344,17,4,2,0
T03455,21830,11,67,4,0
T03456,42953,11,83,10,0
T03457,21409,0,17,16,0
T03458,2156,20,73,9,0
T03459,27866,8,15,2,0
T03460,11630,7,55,6,0
T03461,21495,6,99,8,0
T03462,18005,16,34,19,0
T03463,37290,17,40,14,0
T03464,1880,3,81,5,0
T03465,39439,8,58,13,0
T03466,2495,17,20,9,0
T03467,15879,20,27,8,0
T03468,45955,0,17,9,0
T03469,27024,1,32,13,0
T03470,34433,19,38,1,0
T03471,1119,4,63,3,0
T03472,32519,0,78,9,0
T03473,12539,3,78,4,0
T03474,28540,9,99,7,0
T03475,3312,3,43,4,0
T03476,22107,13,82,8,0
T03477,46915,9,37,7,0
T03478,28463,2,90,4,0
T03479,34119,14,96,10,0
T03480,36920,21,16,15,0
T03481,24320,19,51,18,0
T03482,42525,11,16,1,0
T03483,44883,1,56,15,0
T03484,41576,9,22,4,0
T03485,13680,0,16,9,0
T03486,39097,15,51,15,0
T03487,7965,13,52,10,0
T03488,33368,11,60,1,0
T03489,24024,16,55,19,0
T03490,45852,17,92,7,0
T03491,15404,21,26,12,0
T03492,9386,13,47,15,0
T03493,23537,1,72,13,0
T03494,17449,4,33,9,0
T03495,6487,6,37,14,0
T03496,40584,7,77,13,0
T03497,35211,10,92,18,0
T03498,29705,21,66,13,0
T03499,49466,10,33,2,0
T03500,20737,16,34,6,0
T03501,15074,21,69,16,0
T03502,16267,18,80,13,0
T03503,6717,19,39,16,0
T03504,403,11,78,18,0
T03505,20990,17,80,16,0
T03506,21680,8,26,9,0
T03507,2224,3,9,15,0
T03508,18776,5,67,16,0
T03509,13217,19,96,17,0
T03510,20011,18,30,2,0
T03511,27257,11,17,15,0
T03512,25045,15,32,13,0
T03513,10296,16,40,1,0
T03514,3424,2,16,2,0
T03515,37586,0,41,16,0
T03516,48130,3,33,1,0
T03517,3299,17,23,15,0
T03518,7997,12,80,7,0
T03519,24915,12,78,17,0
T03520,16367,23,24,13,0
T03521,29106,23,53,4,0
T03522,23321,1,28,18,0
T03523,37349,14,94,19,0
T03524,46007,9,92,11,0
T03525,2013,9,61,5,0
T03526,17815,18,82,17,0
T03527,23550,5,74,2,0
T03528,9083,5,28,13,0
T03529,12245,6,66,14,0
T03530,28584,17,75,10,0
T03531,23566,1,15,7,0
T03532,3788,4,71,2,0
T03533,36998,1,86,19,0
T03534,36903,23,84,7,0
T03535,20927,21,39,17,0
T03536,37110,21,48,3,0
T03537,1539,14,47,14,0
T03538,25802,2,94,17,0
T03539,45197,14,29,6,0
T03540,47071,16,81,14,0
T03541,9211,17,57,5,0
T03542,9504,7,39,4,0
T03543,45013,4,14,19,0
T03544,38146,13,73,6,0
T03545,34740,18,44,4,0
T03546,46739,10,22,4,0
T03547,45620,7,46,2,0
T03548,21870,10,56,6,0
T03549,344,20,94,10,0
T03550,46589,7,8,8,0
T03551,34778,1,16,9,0
T03552,8176,22,215,17,1
T03553,70932,1,97,19,1
T03554,10446,4,97,13,0
T03555,2953,16,65,3,0
T03556,6929,7,43,14,0
T03557,8491,2,39,19,0
T03558,35943,15,77,19,0
T03559,19176,22,20,4,0
T03560,11653,12,54,2,0
T03561,20534,16,5,18,0
T03562,20762,20,50,8,0
T03563,7486,14,45,13,0
T03564,9587,21,84,13,0
T03565,17527,1,99,15,0
T03566,10486,12,37,6,0
T03567,43121,3,86,19,0
T03568,21319,1,27,7,0
T03569,6886,14,97,2,0
T03570,38221,15,25,15,0
T03571,29890,13,54,14,0
T03572,13289,13,81,18,0
T03573,8150,16,80,8,0
T03574,15498,19,32,12,0
T03575,7550,13,52,1,0
T03576,5410,9,63,17,0
T03577,44628,16,81,18,0
T03578,18647,22,98,8,0
T03579,4080,22,57,15,0
T03580,1047,22,35,3,0
T03581,49029,0,46,17,0
T03582,29712,18,94,15,0
T03583,23518,13,66,7,0
T03584,36180,17,70,8,0
T03585,75338,1,97,16,1
T03586,48010,21,56,11,0
T03587,3554,14,13,2,0
T03588,5449,8,28,7,0
T03589,29493,23,41,4,0
T03590,34375,11,4,14,0
T03591,39451,23,7,13,0
T03592,15897,7,55,5,0
T03593,38159,12,93,14,0
T03594,14339,17,27,4,0
T03595,26229,6,15,6,0
T03596,20631,23,72,16,0
T03597,25439,21,16,3,0
T03598,9716,8,99,7,0
T03599,46645,11,83,16,0
T03600,40825,23,49,15,0
T03601,13796,1,64,8,0
T03602,23865,1,73,9,0
T03603,17968,5,94,15,0
T03604,14358,20,15,18,0
T03605,37550,7,38,8,0
T03606,45782,15,39,10,0
T03607,20943,16,7,8,0
T03608,6282,3,35,19,0
T03609,34962,3,64,9,0
T03610,18032,17,21,16,0
T03611,164,3,8,16,0
T03612,22158,19,53,19,0
T03613,10966,17,51,11,0
T03614,48326,7,51,10,0
T03615,24787,4,41,8,0
T03616,35054,15,88,17,0
T03617,28169,14,72,7,0
T03618,14657,12,62,6,0
T03619,35656,19,33,18,0
T03620,24186,9,3,5,0
T03621,20571,12,8,2,0
T03622,14668,16,50,13,0
T03623,36772,11,20,5,0
T03624,29355,14,99,6,0
T03625,10783,12,44,19,0
T03626,4960,17,65,7,0
T03627,8719,9,29,12,0
T03628,206,3,19,6,0
T03629,21762,8,84,10,0
T03630,12296,12,41,2,0
T03631,30293,20,97,12,0
T03632,48581,8,2,14,0
T03633,6958,22,81,4,0
T03634,5744,6,16,1,0
T03635,9360,0,11,6,0
T03636,47558,11,63,5,0
T03637,16588,11,62,10,0
T03638,46006,4,58,5,0
T03639,21452,19,49,10,0
T03640,20068,21,92,16,0
T03641,13405,14,55,17,0
T03642,10365,19,25,29,1
T03643,30724,7,69,6,0
T03644,40058,19,30,14,0
T03645,16750,5,11,13,0
T03646,1122,11,66,3,0
T03647,46426,3,17,6,0
T03648,18802,10,24,3,0
T03649,17793,5,66,14,0
T03650,30092,17,51,12,0
T03651,45506,12,90,12,0
T03652,14319,17,9,17,0
T03653,24376,15,49,8,0
T03654,28622,23,98,8,0
T03655,22660,22,77,17,0
T03656,39601,15,49,6,0
T03657,25821,6,90,1,0
T03658,13827,14,21,18,0
T03659,25565,12,24,2,0
T03660,21430,14,25,18,0
T03661,7281,5,76,6,0
T03662,6557,8,94,4,0
T03663,13219,16,98,16,0
T03664,40379,13,90,8,0
T03665,45425,1,68,1,0
T03666,23706,19,78,8,0
T03667,44540,2,69,6,0
T03668,17369,7,38,6,0
T03669,22567,6,94,19,0
T03670,28490,2,33,1,0
T03671,31881,9,57,14,0
T03672,5513,15,21,1,0
T03673,105,8,15,12,0
T03674,4070,10,47,3,0
T03675,33393,1,29,4,0
T03676,26365,18,12,2,0
T03677,32500,2,10,16,0
T03678,23865,8,43,15,0
T03679,18899,20,85,12,0
T03680,8259,22,5,7,0
T03681,6104,17,21,8,0
T03682,11855,19,98,10,0
T03683,3990,8,24,8,0
T03684,251,23,96,1,0
T03685,46729,11,57,19,0
T03686,12318,16,34,11,0
T03687,29122,17,23,11,0
T03688,43573,7,47,9,0
T03689,4370,6,20,13,0
T03690,17700,19,68,4,0
T03691,13447,12,2,15,0
T03692,25607,5,35,7,0
T03693,19462,3,74,9,0
T03694,46217,19,59,11,0
T03695,27240,3,45,16,0
T03696,25852,13,11,2,0
T03697,36153,13,24,7,0
T03698,4999,6,61,16,0
T03699,42313,5,98,8,0
T03700,18369,6,27,14,0
T03701,71856,21,18,12,1
T03702,30906,18,39,10,0
T03703,16045,1,77,6,0
T03704,13324,12,9,13,0
T03705,17416,13,73,8,0
T03706,3338,7,54,3,0
T03707,5658,23,33,7,0
T03708,41590,1,78,18,0
T03709,38497,14,46,19,0
T03710,8801,18,54,17,0
T03711,19929,18,27,16,0
T03712,10486,0,51,7,0
T03713,43098,10,69,17,0
T03714,4059,7,42,12,0
T03715,45709,12,26,18,0
T03716,11661,18,84,16,0
T03717,10696,2,91,15,0
T03718,30301,1,45,8,0
T03719,20858,16,68,19,0
T03720,47001,8,23,15,0
T03721,21663,8,88,9,0
T03722,18074,20,80,17,0
T03723,40464,8,79,7,0
T03724,13636,0,69,9,0
T03725,45391,5,28,13,0
T03726,17277,7,15,6,0
T03727,126,5,68,11,0
T03728,24760,17,99,3,0
T03729,38177,11,91,6,0
T03730,27295,5,15,18,0
T03731,49431,15,60,17,0
T03732,2124,18,18,5,0
T03733,5385,11,75,16,0
T03734,32599,16,84,9,0
T03735,35300,2,63,9,0
T03736,34649,18,55,14,0
T03737,22433,22,91,7,0
T03738,34247,11,27,14,0
T03739,17284,17,20,8,0
T03740,36125,5,86,13,0
T03741,18572,8,9,15,0
T03742,40931,21,157,2,1
T03743,27197,13,38,2,0
T03744,10475,3,21,14,0
T03745,45710,23,92,14,0
T03746,25935,15,70,1,0
T03747,9743,6,8,9,0
T03748,15333,16,52,13,0
T03749,10632,9,44,17,0
T03750,30680,5,99,15,0
T03751,1866,5,68,19,0
T03752,42502,8,6,13,0
T03753,35358,21,92,4,0
T03754,7525,3,72,13,0
T03755,41557,8,65,13,0
T03756,45717,14,32,2,0
T03757,20622,13,54,15,0
T03758,39281,15,55,15,0
T03759,17854,8,37,11,0
T03760,18327,23,28,4,0
T03761,47575,17,89,3,0
T03762,21799,13,39,8,0
T03763,21811,19,15,7,0
T03764,34397,16,86,12,0
T03765,45923,14,16,5,0
T03766,18775,8,54,9,0
T03767,3591,14,43,1,0
T03768,2368,0,72,16,0
T03769,25565,21,82,9,0
T03770,41718,17,59,5,0
T03771,17502,1,39,10,0
T03772,21330,6,52,15,0
T03773,4429,23,26,14,0
T03774,1469,9,17,14,0
T03775,24275,12,27,9,0
T03776,1811,9,9,7,0
T03777,47230,23,93,17,0
T03778,20151,6,43,8,0
T03779,2922,18,63,12,0
T03780,9769,8,59,13,0
T03781,27594,7,86,17,0
T03782,44596,15,86,2,0
T03783,41835,16,45,18,0
T03784,14139,21,60,10,0
T03785,48997,1,91,14,0
T03786,42387,6,56,12,0
T03787,20291,22,28,14,0
T03788,12903,3,50,3,0
T03789,34660,16,71,16,0
T03790,38056,18,34,3,0
T03791,1044,15,47,7,0
T03792,24905,17,50,14,0
T03793,15729,13,25,4,0
T03794,27623,14,79,18,0
T03795,17329,0,61,10,0
T03796,31853,23,34,8,0
T03797,20772,0,68,7,0
T03798,7916,15,5,2,0
T03799,28639,22,43,18,0
T03800,23484,18,13,11,0
T03801,14422,16,37,13,0
T03802,46881,19,97,10,0
T03803,8131,7,56,8,0
T03804,25014,5,44,7,0
T03805,7635,8,21,10,0
T03806,32867,9,74,16,0
T03807,33316,16,30,14,0
T03808,29302,20,85,17,0
T03809,33816,8,64,13,0
T03810,12052,18,71,17,0
T03811,29476,4,70,2,0
T03812,8003,15,5,5,0
T03813,9090,11,99,16,0
T03814,23401,14,15,16,0
T03815,38519,12,44,10,0
T03816,2193,1,64,3,0
T03817,44140,10,75,10,0
T03818,41565,13,73,10,0
T03819,7161,8,61,5,0
T03820,33547,10,1,10,0
T03821,44964,21,60,14,0
T03822,22376,16,22,6,0
T03823,23811,15,11,10,0
T03824,2642,6,98,12,0
T03825,40278,11,80,6,0
T03826,43301,19,5,11,0
T03827,10845,2,35,5,0
T03828,32825,22,75,3,0
T03829,9538,12,72,10,0
T03830,38981,3,18,19,0
T03831,8231,19,9,16,0
T03832,23805,5,25,4,0
T03833,16542,12,41,16,1
T03834,10102,13,21,15,0
T03835,19046,4,46,16,0
T03836,39409,8,7,14,0
T03837,5865,20,15,8,0
T03838,36869,7,1,17,0
T03839,22312,21,20,16,0
T03840,36757,17,2,15,0
T03841,38769,17,61,9,0
T03842,16872,10,5,11,0
T03843,35688,16,96,4,0
T03844,45234,18,64,2,0
T03845,43419,16,76,17,0
T03846,45631,17,18,13,0
T03847,32835,13,56,16,0
T03848,2205,17,80,17,0
T03849,3306,11,98,10,0
T03850,35496,20,3,19,0
T03851,1167,2,70,14,0
T03852,9959,12,18,3,0
T03853,33815,5,80,3,0
T03854,33039,18,19,4,0
T03855,6309,12,62,13,0
T03856,33025,1,30,19,0
T03857,41305,23,48,12,0
T03858,45283,8,74,18,1
T03859,1910,6,57,19,0
T03860,40763,14,41,10,0
T03861,39191,19,4,6,0
T03862,5991,4,41,12,0
T03863,11194,7,61,11,0
T03864,43546,10,13,14,0
T03865,36907,17,44,12,0
T03866,17845,9,71,18,0
T03867,32783,13,15,16,0
T03868,27393,17,31,12,0
T03869,3155,12,20,17,0
T03870,39381,2,23,10,0
T03871,14532,5,99,19,0
T03872,26144,19,55,3,0
T03873,48747,7,59,7,0
T03874,17765,20,6,16,0
T03875,19661,3,32,13,0
T03876,3981,20,9,11,0
T03877,27322,17,75,17,0
T03878,38494,2,15,11,0
T03879,38318,19,92,11,0
T03880,8127,0,59,5,0
T03881,15405,9,34,4,0
T03882,20773,17,77,19,0
T03883,23927,1,75,18,0
T03884,22625,5,55,10,0
T03885,41529,22,81,11,0
T03886,21046,16,88,4,0
T03887,28355,23,52,4,0
T03888,35839,13,58,4,0
T03889,7593,8,21,12,0
T03890,3744,7,56,4,0
T03891,19330,4,70,5,0
T03892,4822,7,9,15,0
T03893,46940,8,7,8,0
T03894,46162,18,15,5,0
T03895,23734,6,6,19,0
T03896,30108,16,19,11,0
T03897,8626,9,87,3,0
T03898,16545,2,18,11,0
T03899,34551,21,50,15,0
T03900,41546,9,21,10,0
T03901,43120,14,23,18,0
T03902,6887,19,67,2,0
T03903,20391,0,79,1,0
T03904,49449,6,19,12,0
T03905,1700,6,83,13,0
T03906,20473,12,92,14,0
T03907,46977,11,84,12,0
T03908,6206,5,59,10,0
T03909,31383,23,34,7,0
T03910,1164,11,37,1,0
T03911,36825,14,32,8,0
T03912,39876,17,45,1,0
T03913,9811,9,36,1,0
T03914,48122,7,5,2,0
T03915,40827,16,95,7,0
T03916,6708,5,22,15,0
T03917,6600,14,25,6,0
T03918,3621,16,32,4,0
T03919,24079,18,199,2,1
T03920,44913,14,20,2,0
T03921,14855,18,9,7,0
T03922,26369,12,91,12,0
T03923,19974,12,79,14,0
T03924,36635,8,87,4,0
T03925,20952,7,3,2,0
T03926,8822,22,7,9,0
T03927,7983,13,46,15,0
T03928,40486,14,51,14,0
T03929,24683,4,62,19,0
T03930,19623,13,16,6,0
T03931,49052,5,99,15,0
T03932,11008,2,75,3,0
T03933,12799,9,97,16,0
T03934,13747,9,33,4,0
T03935,39151,11,13,12,0
T03936,5020,15,96,13,0
T03937,11848,23,21,15,0
T03938,6550,20,60,19,0
T03939,120,10,6,9,0
T03940,9764,11,58,14,0
T03941,41449,0,86,2,0
T03942,10907,10,3,10,0
T03943,49257,19,21,2,0
T03944,15165,23,96,10,0
T03945,15610,16,30,14,0
T03946,25754,16,34,9,0
T03947,17679,18,22,7,0
T03948,41676,20,16,11,0
T03949,16655,14,19,16,0
T03950,4163,14,69,11,0
T03951,8242,17,45,4,0
T03952,5204,3,48,15,0
T03953,13521,11,67,10,0
T03954,41227,5,86,14,0
T03955,18466,16,85,19,0
T03956,48339,14,58,15,0
T03957,13988,23,55,12,0
T03958,3181,13,42,11,0
T03959,16115,8,78,19,0
T03960,34306,8,53,7,0
T03961,6489,7,24,8,0
T03962,18742,14,48,9,0
T03963,14429,11,48,4,0
T03964,7688,7,1,6,0
T03965,42823,20,75,5,0
T03966,33557,23,47,18,0
T03967,29111,12,5,1,0
T03968,49681,4,31,6,0
T03969,8731,15,54,12,0
T03970,47640,22,27,17,0
T03971,28532,15,21,18,0
T03972,25611,2,17,18,0
T03973,21981,22,6,8,0
T03974,7322,12,72,19,0
T03975,13001,22,32,10,0
T03976,43710,16,65,7,0
T03977,6174,12,67,19,0
T03978,33618,4,95,11,0
T03979,24889,17,99,6,0
T03980,40102,4,9,19,0
T03981,37950,12,38,11,0
T03982,8920,20,91,14,0
T03983,46633,5,49,11,0
T03984,12370,8,81,7,0
T03985,11178,20,1,8,0
T03986,39592,18,8,17,0
T03987,29046,11,59,15,0
T03988,7303,22,44,13,0
T03989,42696,21,48,7,0
T03990,75687,12,16,12,1
T03991,6698,15,27,13,0
T03992,27098,2,79,3,0
T03993,47445,13,51,14,0
T03994,7543,5,61,8,0
T03995,4483,6,20,18,0
T03996,20629,14,52,19,0
T03997,31481,20,85,2,0
T03998,2008,10,82,13,0
T03999,18274,8,9,17,0
T04000,30732,21,65,2,0
T04001,21735,13,32,4,0
T04002,27621,7,64,14,0
T04003,25276,9,49,8,0
T04004,1087,13,21,8,0
T04005,46914,4,16,8,0
T04006,37246,7,18,3,0
T04007,22740,19,15,17,0
T04008,15269,16,31,5,0
T04009,38348,8,98,2,0
T04010,5462,22,59,3,0
T04011,36468,13,78,14,0
T04012,27526,0,29,4,0
T04013,24992,0,17,18,0
T04014,16107,1,59,18,0
T04015,24002,15,10,8,0
T04016,41391,21,16,12,0
T04017,9390,19,51,1,0
T04018,43390,2,12,9,0
T04019,17816,21,37,1,0
T04020,47629,16,4,15,0
T04021,14102,7,60,15,0
T04022,26174,6,72,10,0
T04023,26293,3,22,3,0
T04024,1734,14,38,1,0
T04025,38449,15,65,17,0
T04026,49300,7,50,16,1
T04027,5001,9,42,5,0
T04028,19263,11,84,17,0
T04029,18161,13,35,12,0
T04030,9943,17,44,2,0
T04031,3941,16,10,18,0
T04032,37753,18,58,1,0
T04033,22843,3,89,4,0
T04034,4961,1,19,12,0
T04035,24109,12,22,15,0
T04036,31229,2,87,13,0
T04037,651,6,72,18,0
T04038,41228,5,27,4,0
T04039,40178,4,58,5,0
T04040,24929,8,7,9,0
T04041,23607,9,62,4,0
T04042,15689,23,78,9,0
T04043,43300,16,24,7,0
T04044,16846,2,12,3,0
T04045,32952,9,33,14,0
T04046,16030,19,6,2,0
T04047,48000,22,40,1,0
T04048,24352,3,68,5,0
T04049,22305,19,41,13,0
T04050,7221,16,89,1,0
T04051,9561,14,63,2,0
T04052,15891,19,37,19,0
T04053,21637,6,67,17,0
T04054,25505,23,24,3,0
T04055,7632,6,89,3,0
T04056,13888,17,29,10,0
T04057,43139,22,39,9,0
T04058,3784,19,14,4,0
T04059,10531,19,28,14,0
T04060,24591,1,77,1,0
T04061,7434,8,28,17,0
T04062,8408,22,77,10,0
T04063,2793,15,75,3,0
T04064,48447,8,79,13,0
T04065,471,23,81,7,0
T04066,8447,5,13,17,0
T04067,48791,3,92,15,1
T04068,42833,20,75,4,0
T04069,30790,1,52,10,0
T04070,28993,12,84,18,0
T04071,211,10,10,9,0
T04072,2479,18,33,18,0
T04073,8569,20,1,17,0
T04074,24014,19,15,4,0
T04075,49554,21,86,14,0
T04076,30361,0,39,11,0
T04077,7269,1,38,19,0
T04078,21504,19,67,7,0
T04079,16042,3,29,5,0
T04080,3165,3,87,13,0
T04081,21107,15,31,2,0
T04082,10133,0,82,8,0
T04083,4622,23,15,16,0
T04084,37684,11,10,6,0
T04085,40555,12,34,19,0
T04086,18279,11,39,4,0
T04087,39338,9,58,15,0
T04088,23663,0,50,16,0
T04089,12520,18,68,6,0
T04090,9597,16,55,7,0
T04091,31852,12,14,16,0
T04092,17050,8,15,5,0
T04093,41698,20,84,8,0
T04094,27075,14,21,9,0
T04095,18166,21,6,4,0
T04096,41358,9,3,1,0
T04097,27215,22,15,15,0
T04098,10001,6,81,19,0
T04099,32906,2,30,3,0
T04100,4957,17,62,14,0
T04101,46086,6,39,5,0
T04102,40530,19,14,4,0
T04103,27838,23,40,13,0
T04104,18681,7,15,17,0
T04105,30376,19,64,4,0
T04106,28334,17,42,17,0
T04107,24705,14,70,16,0
T04108,24786,7,73,11,0
T04109,35294,1,27,13,0
T04110,71852,8,69,19,1
T04111,4793,2,30,3,0
T04112,43497,9,62,3,0
T04113,39097,23,39,18,0
T04114,19523,22,40,1,0
T04115,27426,3,24,7,0
T04116,46737,12,10,18,0
T04117,4483,0,36,16,0
T04118,29813,7,80,11,0
T04119,19241,0,62,12,0
T04120,1628,5,92,13,0
T04121,5149,16,1,8,0
T04122,10457,7,56,11,0
T04123,22353,23,74,15,0
T04124,29898,6,74,4,0
T04125,572,17,57,10,0
T04126,41398,13,155,15,1
T04127,21043,1,93,4,0
T04128,10932,9,27,9,0
T04129,23538,11,31,9,0
T04130,2065,12,26,6,0
T04131,25238,3,52,17,0
T04132,15254,2,14,17,0
T04133,31024,8,91,1,0
T04134,284,16,50,2,0
T04135,41305,22,59,17,0
T04136,33468,1,34,9,0
T04137,14785,19,21,6,0
T04138,16861,11,25,9,0
T04139,13514,11,26,5,0
T04140,17267,4,76,9,0
T04141,12234,18,20,11,0
T04142,14718,20,44,3,0
T04143,45268,6,22,10,0
T04144,1722,14,94,2,0
T04145,18416,3,82,1,0
T04146,16773,3,99,17,0
T04147,23807,13,34,16,0
T04148,21296,0,55,2,0
T04149,13381,20,93,5,0
T04150,18471,11,26,3,0
T04151,23223,9,52,18,0
T04152,5154,20,27,10,0
T04153,29412,5,11,2,0
T04154,15946,19,63,18,0
T04155,45176,18,4,13,0
T04156,14901,19,29,13,0
T04157,43873,18,49,1,0
T04158,7177,18,52,1,0
T04159,34059,16,21,15,0
T04160,3146,15,32,17,0
T04161,8143,12,32,4,0
T04162,2904,0,97,7,0
T04163,17196,0,80,18,0
T04164,26009,14,6,2,0
T04165,47482,21,43,19,0
T04166,21931,6,25,16,0
T04167,11270,16,18,15,0
T04168,23135,16,69,16,0
T04169,15090,9,34,16,0
T04170,13878,7,10,5,0
T04171,4056,21,23,13,0
T04172,5100,16,20,12,0
T04173,17436,4,24,12,0
T04174,15236,19,60,16,0
T04175,44887,11,73,13,1
T04176,37716,16,14,19,0
T04177,8362,2,97,12,0
T04178,15363,14,11,10,0
T04179,17253,3,17,17,0
T04180,24383,7,87,14,0
T04181,28987,3,38,19,0
T04182,12672,23,35,6,0
T04183,4574,22,181,12,1
T04184,23571,19,8,2,0
T04185,43824,7,85,16,0
T04186,1952,15,52,6,0
T04187,39486,3,87,13,0
T04188,264,14,90,8,0
T04189,49706,13,22,7,0
T04190,17025,17,18,14,0
T04191,45997,6,94,7,0
T04192,21098,4,65,14,0
T04193,23157,12,25,8,0
T04194,31595,9,32,17,0
T04195,1737,14,79,16,0
T04196,37538,7,84,15,0
T04197,8769,7,95,16,0
T04198,466,12,52,15,0
T04199,30389,12,24,8,0
T04200,35185,10,70,22,1
T04201,49701,12,33,4,0
T04202,16187,22,29,2,0
T04203,14977,19,16,3,0
T04204,36884,4,58,8,0
T04205,24591,22,59,1,0
T04206,4036,14,81,2,0
T04207,28468,19,58,9,0
T04208,44391,12,68,7,0
T04209,22161,8,87,1,0
T04210,15748,19,4,1,0
T04211,3673,9,34,15,0
T04212,13894,22,9,17,0
T04213,19704,12,3,29,1
T04214,1599,6,26,11,0
T04215,32846,9,13,12,0
T04216,1869,6,19,19,0
T04217,15734,11,52,15,0
T04218,33243,13,76,11,0
T04219,49992,15,62,18,0
T04220,11471,4,48,12,0
T04221,43909,5,87,4,0
T04222,17473,12,42,17,0
T04223,40210,7,55,18,0
T04224,28806,16,32,7,0
T04225,16752,15,69,4,0
T04226,37053,9,31,10,0
T04227,11321,11,32,1,0
T04228,47840,20,52,7,0
T04229,15820,7,59,13,0
T04230,30735,7,86,18,0
T04231,1427,10,16,14,0
T04232,20230,20,34,3,0
T04233,20647,21,5,10,0
T04234,24983,1,76,5,0
T04235,20488,22,33,4,0
T04236,2334,20,88,12,0
T04237,23759,15,88,17,0
T04238,46744,9,49,17,0
T04239,40485,3,51,11,0
T04240,25844,11,66,6,0
T04241,17452,4,84,9,0
T04242,38874,7,95,8,0
T04243,17848,22,70,3,0
T04244,32808,8,7,4,0
T04245,32586,4,11,15,0
T04246,25635,1,13,16,0
T04247,33642,7,6,7,0
T04248,10261,21,25,7,0
T04249,34854,4,65,29,1
T04250,38333,2,40,9,0
T04251,42834,9,98,5,0
T04252,43714,18,77,11,0
T04253,19961,14,26,18,0
T04254,26771,8,1,11,0
T04255,10220,22,45,2,0
T04256,4489,7,63,18,0
T04257,42099,20,93,12,0
T04258,38190,5,3,14,0
T04259,2655,1,96,11,0
T04260,48569,2,31,1,0
T04261,46433,23,1,12,0
T04262,40562,4,27,6,0
T04263,45587,11,12,3,0
T04264,2689,22,66,7,0
T04265,13701,20,39,11,0
T04266,29710,13,3,14,0
T04267,4099,10,81,16,0
T04268,41830,9,63,15,0
T04269,8075,17,67,7,0
T04270,25377,9,52,9,0
T04271,31633,22,46,11,0
T04272,6687,0,26,6,0
T04273,22393,21,69,3,0
T04274,47653,2,73,19,0
T04275,20630,16,18,11,0
T04276,16239,2,82,6,0
T04277,42986,0,6,18,0
T04278,36834,21,39,19,0
T04279,1350,22,12,18,0
T04280,32203,8,77,8,0
T04281,49433,9,81,7,0
T04282,19828,22,50,2,0
T04283,19040,18,33,10,0
T04284,27288,13,45,9,0
T04285,18505,5,51,10,0
T04286,46554,2,82,19,0
T04287,39036,10,74,17,0
T04288,40071,20,18,18,0
T04289,18788,13,8,2,0
T04290,26518,14,60,2,0
T04291,23943,0,85,10,0
T04292,42340,19,54,15,0
T04293,8391,6,30,7,0
T04294,14044,17,45,10,0
T04295,1707,9,14,14,0
T04296,11486,19,75,6,0
T04297,44152,0,19,7,0
T04298,9147,17,99,11,0
T04299,23734,20,24,2,0
T04300,29817,3,57,10,0
T04301,56257,7,97,6,1
T04302,1102,9,45,1,0
T04303,11430,8,5,10,0
T04304,41453,11,82,1,0
T04305,5350,4,89,17,0
T04306,25259,16,73,6,0
T04307,15594,6,27,8,0
T04308,32639,14,66,7,0
T04309,5266,17,86,18,0
T04310,31341,21,33,7,0
T04311,49382,13,44,14,0
T04312,49312,3,13,16,0
T04313,42841,4,89,6,0
T04314,15433,17,38,7,0
T04315,32411,23,48,9,0
T04316,33341,12,44,19,0
T04317,15677,22,55,1,0
T04318,21483,3,85,19,0
T04319,48664,4,49,3,0
T04320,43894,0,29,1,0
T04321,56090,8,23,5,1
T04322,40362,5,49,17,0
T04323,30384,11,4,8,0
T04324,23587,4,31,5,0
T04325,18147,12,90,11,0
T04326,15115,0,93,5,0
T04327,26367,20,81,13,0
T04328,45804,1,63,19,0
T04329,21207,16,31,7,0
T04330,9245,2,51,19,0
T04331,24219,8,10,14,0
T04332,27285,14,90,1,0
T04333,2849,14,89,6,0
T04334,34229,0,62,3,0
T04335,2164,15,8,17,0
T04336,8075,16,89,9,0
T04337,21487,18,54,11,0
T04338,5023,3,78,14,0
T04339,22921,16,66,8,0
T04340,16557,6,16,14,0
T04341,15228,8,4,6,0
T04342,12516,6,1,19,0
T04343,25634,2,65,1,0
T04344,4810,20,30,1,0
T04345,24953,21,4,12,0
T04346,15164,11,81,15,0
T04347,37549,2,52,12,0
T04348,46756,0,10,18,0
T04349,32146,1,49,8,0
T04350,5497,21,26,9,0
T04351,4290,19,63,11,0
T04352,14171,13,33,7,0
T04353,763,8,75,16,0
T04354,22678,1,15,3,0
T04355,42631,19,92,7,0
T04356,22887,9,6,14,0
T04357,16582,16,74,10,0
T04358,12877,2,90,15,0
T04359,41332,17,19,12,0
T04360,25128,23,91,16,0
T04361,33281,14,47,6,0
T04362,46050,11,98,9,0
T04363,14275,3,5,8,0
T04364,38777,9,7,14,0
T04365,26241,4,16,15,0
T04366,32422,22,61,10,0
T04367,17512,22,79,18,0
T04368,5756,7,95,2,0
T04369,29049,7,87,8,0
T04370,19623,18,87,18,0
T04371,65394,22,97,15,1
T04372,48565,21,44,1,0
T04373,36330,18,92,1,0
T04374,32930,23,98,7,0
T04375,17526,12,24,5,0
T04376,48186,18,65,1,0
T04377,18078,17,33,5,0
T04378,47372,11,73,18,0
T04379,28122,10,97,19,0
T04380,40217,9,98,7,0
T04381,8834,19,2,19,0
T04382,12297,9,8,11,0
T04383,15052,19,20,9,0
T04384,1835,14,98,1,0
T04385,48332,8,63,8,0
T04386,34110,20,5,3,0
T04387,36280,3,48,16,0
T04388,7260,19,35,6,0
T04389,5060,20,80,15,0
T04390,13450,1,15,6,0
T04391,30757,23,56,17,0
T04392,13540,0,28,4,0
T04393,44700,15,72,1,1
T04394,19773,18,43,17,0
T04395,26620,9,76,9,0
T04396,38179,11,81,5,0
T04397,14818,13,34,16,0
T04398,35232,16,35,1,0
T04399,22942,17,36,15,0
T04400,40799,18,42,5,0
T04401,8694,10,39,5,0
T04402,10519,11,83,15,0
T04403,12935,11,82,17,0
T04404,22422,15,43,2,0
T04405,33619,0,49,18,0
T04406,49952,12,5,6,0
T04407,49156,9,37,1,0
T04408,7994,10,24,7,0
T04409,44279,20,10,15,0
T04410,42835,14,15,12,0
T04411,42827,7,62,6,0
T04412,39077,11,4,13,0
T04413,18740,15,41,1,0
T04414,25042,11,56,18,0
T04415,20087,1,36,15,0
T04416,21001,21,61,18,0
T04417,21187,19,36,1,0
T04418,49313,17,3,15,0
T04419,42686,4,56,3,0
T04420,34521,6,70,1,0
T04421,29494,6,36,12,0
T04422,34103,22,25,18,0
T04423,46732,18,4,1,0
T04424,31116,14,54,8,0
T04425,43506,14,50,7,0
T04426,33401,17,80,2,0
T04427,45431,15,67,2,0
T04428,11078,4,2,19,0
T04429,47003,19,62,2,0
T04430,837,21,56,18,0
T04431,439,20,14,15,0
T04432,19535,10,62,7,0
T04433,42195,4,63,2,0
T04434,1473,14,43,6,0
T04435,18966,9,24,19,0
T04436,7937,4,53,7,0
T04437,30446,13,23,16,0
T04438,30904,22,55,4,0
T04439,20505,14,78,19,0
T04440,9054,4,95,13,0
T04441,39925,11,31,15,0
T04442,21121,22,68,5,0
T04443,19216,9,91,16,0
T04444,34561,12,85,13,0
T04445,29016,7,45,15,0
T04446,3383,19,45,5,0
T04447,35929,21,81,6,1
T04448,17776,4,25,13,0
T04449,9275,19,72,9,0
T04450,29910,19,79,10,0
T04451,59637,4,11,19,1
T04452,27525,5,61,1,0
T04453,12774,2,28,31,1
T04454,24471,21,69,17,0
T04455,47858,5,78,14,0
T04456,15132,16,8,8,0
T04457,9206,8,75,13,0
T04458,10096,23,19,19,0
T04459,43016,15,9,3,0
T04460,22870,4,8,14,0
T04461,13019,2,24,13,0
T04462,42254,7,51,10,0
T04463,28930,17,82,7,0
T04464,45267,5,48,16,0
T04465,29147,0,3,6,0
T04466,24167,3,4,10,0
T04467,2156,7,51,17,0
T04468,12276,0,20,14,0
T04469,21369,19,27,11,0
T04470,13542,23,94,8,0
T04471,31417,9,29,8,0
T04472,36185,0,21,7,0
T04473,9723,8,60,12,0
T04474,3161,8,20,3,0
T04475,28551,9,36,9,0
T04476,19705,0,69,9,0
T04477,29576,5,83,8,0
T04478,46157,10,96,13,0
T04479,41143,3,43,12,0
T04480,3464,9,95,7,0
T04481,2552,8,73,10,0
T04482,13965,1,68,8,0
T04483,8899,13,77,18,0
T04484,8757,12,64,8,0
T04485,26621,11,57,1,0
T04486,47511,17,35,12,0
T04487,31510,12,95,10,0
T04488,19863,1,67,14,0
T04489,73556,7,96,11,1
T04490,13312,21,84,6,0
T04491,7968,10,49,10,0
T04492,22235,16,31,2,0
T04493,30947,5,57,5,0
T04494,30183,1,12,3,0
T04495,26409,23,72,14,0
T04496,6048,2,48,24,1
T04497,35498,14,6,15,0
T04498,20020,3,22,14,0
T04499,46450,11,86,10,0
T04500,38729,8,34,4,0
T04501,29356,14,62,13,0
T04502,49975,7,58,19,0
T04503,24412,15,75,10,0
T04504,28907,0,74,18,0
T04505,14342,10,50,3,0
T04506,11083,13,64,6,0
T04507,43309,14,31,10,0
T04508,47961,16,51,17,0
T04509,38479,14,90,12,0
T04510,31776,8,69,4,0
T04511,20047,15,57,3,0
T04512,25382,17,17,10,0
T04513,44846,23,99,2,0
T04514,16246,1,60,19,0
T04515,11301,14,85,3,0
T04516,27432,10,27,7,0
T04517,15465,13,33,17,0
T04518,48884,13,42,8,0
T04519,39978,5,68,1,0
T04520,13746,14,97,3,0
T04521,44008,3,17,14,0
T04522,16093,7,98,8,0
T04523,21348,3,51,5,0
T04524,37696,4,53,19,0
T04525,25199,19,1,7,0
T04526,31476,1,43,7,0
T04527,47476,2,29,6,0
T04528,38297,10,93,18,0
T04529,45589,21,69,15,0
T04530,27128,19,23,4,0
T04531,37880,20,1,15,0
T04532,20084,18,63,14,0
T04533,15262,18,50,2,0
T04534,11728,16,6,5,0
T04535,40900,12,51,1,0
T04536,45552,10,27,7,0
T04537,8166,0,17,13,0
T04538,20529,4,58,6,0
T04539,28894,21,27,6,0
T04540,9432,7,45,18,0
T04541,42036,4,67,4,0
T04542,16346,4,46,15,0
T04543,23191,16,6,10,0
T04544,25722,15,17,14,0
T04545,35639,11,41,15,0
T04546,19727,13,58,18,0
T04547,16023,5,68,12,0
T04548,3638,21,95,12,0
T04549,24742,2,78,18,0
T04550,12542,18,60,10,0
T04551,19604,14,141,9,1
T04552,38898,18,48,8,0
T04553,16596,20,1,7,0
T04554,27544,17,12,16,0
T04555,15489,0,7,17,0
T04556,12646,10,63,6,0
T04557,11330,5,15,7,0
T04558,27150,16,18,19,0
T04559,35390,7,88,23,1
T04560,24952,10,21,3,0
T04561,34946,22,27,14,0
T04562,47230,8,57,1,0
T04563,45828,11,43,1,0
T04564,37175,11,17,15,0
T04565,44165,17,80,4,0
T04566,30123,1,89,15,0
T04567,22655,8,2,17,0
T04568,1250,9,9,2,0
T04569,44449,18,81,11,0
T04570,49236,9,55,6,0
T04571,2771,17,50,1,0
T04572,21983,2,79,10,0
T04573,15480,4,15,14,0
T04574,6194,9,9,12,0
T04575,22410,4,25,10,0
T04576,42716,7,86,16,0
T04577,47279,8,10,16,0
T04578,45985,2,91,19,0
T04579,19150,5,6,15,0
T04580,44946,12,5,14,0
T04581,22680,1,62,12,0
T04582,13969,18,88,15,0
T04583,12222,19,24,17,0
T04584,21777,22,95,18,0
T04585,11358,21,56,5,0
T04586,43608,11,42,8,1
T04587,17888,5,92,15,0
T04588,14895,5,44,15,0
T04589,43855,8,51,2,0
T04590,15440,12,8,13,0
T04591,2887,5,96,12,0
T04592,7119,16,7,15,0
T04593,40475,16,42,23,1
T04594,49074,15,53,8,0
T04595,46707,4,18,14,0
T04596,48346,22,94,3,0
T04597,29792,6,49,1,0
T04598,3020,21,93,14,0
T04599,5715,20,45,6,0
T04600,45657,0,21,4,0
T04601,31956,1,83,8,0
T04602,7649,14,38,2,0
T04603,42524,14,52,12,0
T04604,37638,9,14,14,0
T04605,6342,0,52,1,0
T04606,12421,18,24,10,0
T04607,17767,3,77,9,0
T04608,29525,2,20,10,0
T04609,5595,21,67,11,0
T04610,20028,9,174,8,1
T04611,1068,14,32,3,0
T04612,69487,12,21,9,1
T04613,27356,13,19,7,0
T04614,49043,21,63,5,0
T04615,33922,9,18,11,0
T04616,30666,13,20,18,0
T04617,13038,21,44,18,0
T04618,14301,1,87,1,0
T04619,31386,9,1,6,0
T04620,20810,16,9,7,0
T04621,40948,2,52,18,0
T04622,43107,0,4,11,0
T04623,26647,8,64,8,0
T04624,25576,11,63,1,0
T04625,34162,17,38,10,0
T04626,10467,13,53,8,0
T04627,19422,2,54,19,0
T04628,36943,11,60,7,0
T04629,1758,3,21,9,0
T04630,24537,15,26,13,0
T04631,24455,23,90,18,0
T04632,4466,14,6,11,0
T04633,32895,7,29,17,0
T04634,29659,16,88,18,0
T04635,17735,14,34,2,0
T04636,49613,2,94,8,0
T04637,13103,18,90,15,0
T04638,30129,15,14,3,0
T04639,22165,21,6,17,0
T04640,43839,13,78,13,0
T04641,17680,23,2,9,0
T04642,7184,7,24,3,0
T04643,49104,3,66,15,0
T04644,31892,9,1,6,0
T04645,35734,6,45,13,0
T04646,25044,0,14,3,0
T04647,4433,23,65,16,0
T04648,40304,3,73,14,0
T04649,47815,9,40,3,0
T04650,1954,6,42,3,0
T04651,43685,14,73,15,0
T04652,19380,6,52,18,0
T04653,48946,17,24,12,0
T04654,41722,20,64,8,0
T04655,35905,1,2,5,0
T04656,26626,0,68,6,0
T04657,27706,12,229,11,1
T04658,35536,7,13,1,0
T04659,2346,15,27,15,0
T04660,44001,1,87,16,0
T04661,29524,23,79,3,0
T04662,11175,11,17,6,0
T04663,39405,21,91,10,0
T04664,30185,23,6,15,0
T04665,36263,15,56,8,0
T04666,8298,18,58,17,0
T04667,24099,12,26,2,0
T04668,9919,9,13,18,0
T04669,577,22,75,13,0
T04670,18646,23,57,5,0
T04671,29958,18,55,13,0
T04672,26767,13,38,9,0
T04673,1876,7,26,13,0
T04674,48096,4,93,17,0
T04675,48447,5,14,15,0
T04676,2033,10,75,9,0
T04677,24457,14,44,6,0
T04678,25764,15,15,2,0
T04679,47668,2,67,5,0
T04680,39732,22,38,1,0
T04681,44970,14,19,11,0
T04682,6810,13,13,9,0
T04683,22668,15,12,10,0
T04684,17513,17,34,9,0
T04685,33846,5,2,15,0
T04686,48628,15,28,8,0
T04687,49389,17,10,9,0
T04688,47359,23,19,1,0
T04689,11547,2,42,12,0
T04690,10229,22,84,6,0
T04691,38296,1,42,2,0
T04692,2689,8,91,10,0
T04693,27013,7,88,17,0
T04694,11508,3,50,12,0
T04695,21036,18,46,14,0
T04696,36833,16,66,8,0
T04697,5480,6,54,16,0
T04698,16243,16,91,7,0
T04699,27115,7,87,11,0
T04700,27090,17,38,12,0
T04701,36466,22,50,9,0
T04702,22891,13,19,19,0
T04703,38187,1,57,4,0
T04704,36994,5,3,3,0
T04705,5558,10,29,10,0
T04706,2799,13,30,18,0
T04707,32571,8,47,3,0
T04708,49018,10,74,18,0
T04709,11271,12,29,6,0
T04710,19550,20,77,5,0
T04711,20215,13,14,8,0
T04712,13715,12,24,15,0
T04713,42838,0,86,2,0
T04714,21654,7,3,14,0
T04715,10828,7,55,16,0
T04716,21645,20,10,6,0
T04717,29369,16,61,19,1
T04718,38162,21,46,4,0
T04719,37697,1,93,11,0
T04720,14648,20,85,4,0
T04721,11428,23,2,9,0
T04722,10586,12,18,16,0
T04723,36627,9,41,11,0
T04724,1212,3,42,3,0
T04725,13662,8,99,18,0
T04726,7115,21,72,15,0
T04727,12688,6,19,8,0
T04728,22004,0,93,13,0
T04729,21915,15,93,9,0
T04730,18189,5,69,2,0
T04731,2606,8,40,9,0
T04732,49004,7,44,8,0
T04733,43302,12,19,2,0
T04734,21652,15,82,14,0
T04735,21761,1,77,17,0
T04736,3842,14,20,5,0
T04737,24298,17,56,11,0
T04738,47299,17,91,5,0
T04739,40464,17,2,4,0
T04740,1763,12,24,16,0
T04741,15177,7,48,13,0
T04742,2010,3,2,9,0
T04743,26997,16,8,15,0
T04744,7156,22,66,6,0
T04745,34240,4,49,2,0
T04746,45474,9,74,6,1
T04747,4958,11,17,13,0
T04748,46487,15,42,2,0
T04749,20930,22,71,6,0
T04750,38947,0,12,13,0
T04751,3759,18,9,10,0
T04752,14485,7,39,9,0
T04753,19437,11,79,15,0
T04754,16871,3,65,12,0
T04755,42588,1,47,17,0
T04756,11401,11,51,1,0
T04757,991,20,26,14,0
T04758,21032,0,1,6,0
T04759,22878,4,90,9,0
T04760,39512,14,13,12,0
T04761,10152,1,59,4,0
T04762,4254,17,10,13,0
T04763,12623,1,90,15,0
T04764,40476,9,22,8,0
T04765,11964,14,77,8,0
T04766,33784,20,22,14,0
T04767,36875,17,22,9,0
T04768,11061,9,5,6,0
T04769,7201,7,85,18,0
T04770,42008,11,32,7,0
T04771,8319,6,32,13,0
T04772,36981,6,70,11,0
T04773,15107,7,20,1,0
T04774,21483,18,35,5,0
T04775,13281,2,78,15,0
T04776,28788,17,98,12,0
T04777,46835,3,89,2,0
T04778,39011,13,75,13,0
T04779,23042,6,74,1,0
T04780,28768,20,25,4,0
T04781,9397,5,66,3,0
T04782,1707,15,83,18,0
T04783,28073,13,67,16,0
T04784,29455,13,19,19,0
T04785,46508,6,50,9,0
T04786,33639,16,76,6,0
T04787,22197,7,21,15,0
T04788,1251,2,66,9,0
T04789,8139,3,32,2,0
T04790,19153,1,34,7,0
T04791,31375,5,82,4,0
T04792,49342,12,84,2,0
T04793,34347,18,41,4,0
T04794,179,18,74,6,0
T04795,2323,9,73,7,0
T04796,17607,18,19,24,1
T04797,49583,12,25,4,0
T04798,29884,9,39,5,0
T04799,20981,10,21,7,0
T04800,8797,5,50,16,0
T04801,42454,0,57,11,0
T04802,23831,4,48,1,0
T04803,2166,13,67,2,0
T04804,29512,16,92,18,0
T04805,38649,8,27,5,0
T04806,43267,12,83,10,0
T04807,10807,20,78,12,0
T04808,32686,22,71,17,0
T04809,37429,6,56,6,0
T04810,18606,11,58,16,0
T04811,46870,22,27,19,0
T04812,4782,15,87,12,0
T04813,30046,7,67,2,0
T04814,19295,5,48,15,0
T04815,41681,1,84,18,0
T04816,31921,17,2,1,0
T04817,49015,1,41,9,0
T04818,23379,10,91,6,0
T04819,35233,11,30,1,0
T04820,2828,19,6,11,0
T04821,31302,3,93,10,0
T04822,33161,0,8,6,0
T04823,24500,18,63,1,0
T04824,23794,12,31,3,0
T04825,32225,1,35,9,0
T04826,23070,15,56,13,0
T04827,22358,17,85,12,0
T04828,8544,11,33,8,0
T04829,3860,20,126,7,1
T04830,43230,9,64,4,0
T04831,26621,6,7,8,0
T04832,34721,23,24,8,0
T04833,6995,11,47,8,0
T04834,12652,2,54,16,0
T04835,12347,3,84,16,0
T04836,3022,4,11,13,0
T04837,17330,5,48,15,0
T04838,42830,19,34,2,0
T04839,10063,15,19,2,0
T04840,15537,23,28,16,0
T04841,10947,4,74,17,0
T04842,13587,8,88,4,0
T04843,11355,15,23,11,0
T04844,9834,16,54,13,0
T04845,27981,9,74,12,0
T04846,35397,22,73,22,1
T04847,31339,20,14,7,0
T04848,25066,8,3,14,0
T04849,11252,17,44,14,0
T04850,25533,12,14,9,0
T04851,31485,1,75,17,0
T04852,42742,6,82,13,0
T04853,41704,17,23,16,0
T04854,16594,7,26,15,0
T04855,37732,16,62,15,0
T04856,22865,13,98,6,0
T04857,33249,16,5,5,0
T04858,5554,14,52,11,0
T04859,21288,0,11,11,0
T04860,40489,22,40,2,0
T04861,48994,14,87,9,0
T04862,47819,15,59,14,0
T04863,32727,12,9,1,0
T04864,2206,5,64,8,0
T04865,35806,19,18,18,0
T04866,34243,16,32,16,0
T04867,25543,3,85,14,0
T04868,49731,4,16,14,0
T04869,11665,13,88,14,0
T04870,278,2,81,14,0
T04871,32013,12,68,11,0
T04872,20626,14,30,2,0
T04873,35342,1,23,5,0
T04874,13680,0,71,7,0
T04875,17933,5,52,12,0
T04876,24355,12,88,11,0
T04877,4149,1,98,19,0
T04878,44361,0,43,18,0
T04879,1677,17,60,1,0
T04880,45974,15,39,15,0
T04881,5344,0,87,9,0
T04882,4421,16,89,10,0
T04883,38696,7,40,5,0
T04884,10287,6,13,17,0
T04885,8295,17,3,12,0
T04886,22398,10,50,13,0
T04887,15476,7,32,19,0
T04888,5492,1,35,3,0
T04889,14409,9,24,18,0
T04890,29333,13,48,7,0
T04891,46724,16,87,5,0
T04892,5630,0,85,17,0
T04893,45933,11,25,2,0
T04894,35290,15,15,13,0
T04895,37589,19,14,18,0
T04896,47653,1,99,5,0
T04897,13779,21,79,12,0
T04898,47329,8,31,14,0
T04899,45120,20,43,6,0
T04900,44685,7,48,3,0
T04901,44197,15,83,9,0
T04902,16883,21,58,4,0
T04903,47853,18,18,15,0
T04904,41987,3,9,4,0
T04905,36992,15,92,15,0
T04906,49243,1,59,14,0
T04907,9542,21,28,4,0
T04908,35169,0,87,9,0
T04909,7316,0,42,16,0
T04910,28030,18,88,3,0
T04911,30111,11,99,15,0
T04912,32500,17,32,7,0
T04913,48950,6,69,8,0
T04914,9784,15,48,19,0
T04915,8146,6,37,11,0
T04916,39341,20,55,9,0
T04917,3063,0,40,3,0
T04918,30341,3,91,19,0
T04919,14862,4,63,10,0
T04920,29915,22,13,5,0
T04921,18013,11,59,13,0
T04922,6329,7,219,13,1
T04923,23268,21,38,11,0
T04924,9624,19,1,11,0
T04925,42909,10,40,3,0
T04926,15190,11,6,8,0
T04927,15129,15,17,6,0
T04928,22061,19,78,14,0
T04929,43773,16,62,16,0
T04930,11783,1,80,1,0
T04931,47718,22,11,16,0
T04932,44835,17,47,9,0
T04933,9024,17,69,8,0
T04934,5030,1,25,19,0
T04935,23051,1,83,1,0
T04936,7870,21,45,17,0
T04937,11340,4,38,4,0
T04938,6644,20,85,16,0
T04939,1794,15,22,11,0
T04940,47621,16,15,18,0
T04941,39520,9,96,16,0
T04942,47746,4,28,6,0
T04943,60521,22,16,7,1
T04944,2469,5,41,7,0
T04945,22469,18,40,11,0
T04946,25507,3,16,18,0
T04947,23216,4,91,2,0
T04948,7662,0,13,5,0
T04949,41333,13,13,7,0
T04950,5163,17,71,17,0
T04951,1358,18,27,1,0
T04952,30232,7,33,9,0
T04953,37750,20,41,10,0
T04954,47835,22,75,1,0
T04955,25975,7,52,12,0
T04956,33027,0,74,4,0
T04957,27122,18,103,5,1
T04958,33448,17,92,3,0
T04959,37342,21,34,4,0
T04960,46325,8,26,10,0
T04961,2873,14,97,11,0
T04962,39601,9,88,16,0
T04963,33579,1,87,7,0
T04964,13494,6,47,8,0
T04965,27441,0,77,3,0
T04966,29705,18,15,4,0
T04967,3672,2,64,4,0
T04968,49128,17,90,10,0
T04969,2411,11,64,3,0
T04970,49214,17,23,8,0
T04971,42973,0,78,13,0
T04972,42972,11,99,18,0
T04973,14416,14,1,6,0
T04974,3597,14,9,14,0
T04975,22126,6,31,2,0
T04976,45585,5,69,5,0
T04977,41248,18,38,10,0
T04978,7697,16,30,3,0
T04979,6207,0,3,5,0
T04980,31708,18,42,16,0
T04981,21348,5,160,5,1
T04982,48030,13,34,5,0
T04983,13508,9,29,9,0
T04984,28710,14,4,13,0
T04985,7817,19,23,5,0
T04986,29650,7,37,13,0
T04987,5828,0,7,5,0
T04988,45905,14,21,17,0
T04989,11163,17,7,18,0
T04990,6303,18,7,8,0
T04991,23312,17,88,11,0
T04992,49931,20,44,2,0
T04993,41010,20,88,18,0
T04994,34612,14,52,9,0
T04995,46534,19,83,18,0
T04996,36535,7,65,15,0
T04997,45878,9,44,6,0
T04998,35840,12,68,13,0
T04999,18529,0,5,17,0
T05000,28874,15,40,12,0
